  0
SECTION
  2
HEADER
  9
$ACADVER
  1
AC1018
  9
$ACADMAINTVER
 70
     0
  9
$DWGCODEPAGE
  3
ANSI_1251
  9
$LASTSAVEDBY
  1
ivani
  9
$INSBASE
 10
0.0
 20
0.0
 30
0.0
  9
$EXTMIN
 10
0.0
 20
0.0
 30
0.0
  9
$EXTMAX
 10
603.7059117278535
 20
297.0
 30
0.0
  9
$LIMMIN
 10
0.0
 20
0.0
  9
$LIMMAX
 10
603.7059117278535
 20
297.0
  9
$ORTHOMODE
 70
     0
  9
$REGENMODE
 70
     1
  9
$FILLMODE
 70
     1
  9
$QTEXTMODE
 70
     0
  9
$MIRRTEXT
 70
     1
  9
$LTSCALE
 40
1.0
  9
$ATTMODE
 70
     1
  9
$TEXTSIZE
 40
2.5
  9
$TRACEWID
 40
1.0
  9
$TEXTSTYLE
  7
Standard
  9
$CLAYER
  8
0
  9
$CELTYPE
  6
ByLayer
  9
$CECOLOR
 62
   256
  9
$CELTSCALE
 40
1.0
  9
$DISPSILH
 70
     0
  9
$DIMSCALE
 40
1.0
  9
$DIMASZ
 40
2.5
  9
$DIMEXO
 40
0.625
  9
$DIMDLI
 40
3.75
  9
$DIMRND
 40
0.0
  9
$DIMDLE
 40
0.0
  9
$DIMEXE
 40
1.25
  9
$DIMTP
 40
0.0
  9
$DIMTM
 40
0.0
  9
$DIMTXT
 40
2.5
  9
$DIMCEN
 40
2.5
  9
$DIMTSZ
 40
0.0
  9
$DIMTOL
 70
     0
  9
$DIMLIM
 70
     0
  9
$DIMTIH
 70
     0
  9
$DIMTOH
 70
     0
  9
$DIMSE1
 70
     0
  9
$DIMSE2
 70
     0
  9
$DIMTAD
 70
     1
  9
$DIMZIN
 70
     8
  9
$DIMBLK
  1

  9
$DIMASO
 70
     1
  9
$DIMSHO
 70
     1
  9
$DIMPOST
  1

  9
$DIMAPOST
  1

  9
$DIMALT
 70
     0
  9
$DIMALTD
 70
     3
  9
$DIMALTF
 40
0.03937007874016
  9
$DIMLFAC
 40
1.0
  9
$DIMTOFL
 70
     1
  9
$DIMTVP
 40
0.0
  9
$DIMTIX
 70
     0
  9
$DIMSOXD
 70
     0
  9
$DIMSAH
 70
     0
  9
$DIMBLK1
  1

  9
$DIMBLK2
  1

  9
$DIMSTYLE
  2
ISO-25
  9
$DIMCLRD
 70
     0
  9
$DIMCLRE
 70
     0
  9
$DIMCLRT
 70
     0
  9
$DIMTFAC
 40
1.0
  9
$DIMGAP
 40
0.625
  9
$DIMJUST
 70
     0
  9
$DIMSD1
 70
     0
  9
$DIMSD2
 70
     0
  9
$DIMTOLJ
 70
     0
  9
$DIMTZIN
 70
     8
  9
$DIMALTZ
 70
     0
  9
$DIMALTTZ
 70
     0
  9
$DIMUPT
 70
     0
  9
$DIMDEC
 70
     2
  9
$DIMTDEC
 70
     2
  9
$DIMALTU
 70
     2
  9
$DIMALTTD
 70
     3
  9
$DIMTXSTY
  7
Standard
  9
$DIMAUNIT
 70
     0
  9
$DIMADEC
 70
     0
  9
$DIMALTRND
 40
0.0
  9
$DIMAZIN
 70
     0
  9
$DIMDSEP
 70
    44
  9
$DIMATFIT
 70
     3
  9
$DIMFRAC
 70
     0
  9
$DIMLDRBLK
  1

  9
$DIMLUNIT
 70
     2
  9
$DIMLWD
 70
    -2
  9
$DIMLWE
 70
    -2
  9
$DIMTMOVE
 70
     0
  9
$LUNITS
 70
     2
  9
$LUPREC
 70
     4
  9
$SKETCHINC
 40
1.0
  9
$FILLETRAD
 40
0.0
  9
$AUNITS
 70
     0
  9
$AUPREC
 70
     0
  9
$MENU
  1
.
  9
$ELEVATION
 40
0.0
  9
$PELEVATION
 40
0.0
  9
$THICKNESS
 40
0.0
  9
$LIMCHECK
 70
     0
  9
$CHAMFERA
 40
0.0
  9
$CHAMFERB
 40
0.0
  9
$CHAMFERC
 40
0.0
  9
$CHAMFERD
 40
0.0
  9
$SKPOLY
 70
     0
  9
$TDCREATE
 40
2461107.777726586
  9
$TDUCREATE
 40
2461107.652726586
  9
$TDUPDATE
 40
2461107.777726817
  9
$TDUUPDATE
 40
2461107.652726817
  9
$TDINDWG
 40
0.0000000116
  9
$TDUSRTIMER
 40
0.0000000116
  9
$USRTIMER
 70
     1
  9
$ANGBASE
 50
0.0
  9
$ANGDIR
 70
     0
  9
$PDMODE
 70
     0
  9
$PDSIZE
 40
0.0
  9
$PLINEWID
 40
0.0
  9
$SPLFRAME
 70
     0
  9
$SPLINETYPE
 70
     6
  9
$SPLINESEGS
 70
     8
  9
$HANDSEED
  5
2B3
  9
$SURFTAB1
 70
     6
  9
$SURFTAB2
 70
     6
  9
$SURFTYPE
 70
     6
  9
$SURFU
 70
     6
  9
$SURFV
 70
     6
  9
$UCSBASE
  2

  9
$UCSNAME
  2

  9
$UCSORG
 10
0.0
 20
0.0
 30
0.0
  9
$UCSXDIR
 10
1.0
 20
0.0
 30
0.0
  9
$UCSYDIR
 10
0.0
 20
1.0
 30
0.0
  9
$UCSORTHOREF
  2

  9
$UCSORTHOVIEW
 70
     0
  9
$UCSORGTOP
 10
0.0
 20
0.0
 30
0.0
  9
$UCSORGBOTTOM
 10
0.0
 20
0.0
 30
0.0
  9
$UCSORGLEFT
 10
0.0
 20
0.0
 30
0.0
  9
$UCSORGRIGHT
 10
0.0
 20
0.0
 30
0.0
  9
$UCSORGFRONT
 10
0.0
 20
0.0
 30
0.0
  9
$UCSORGBACK
 10
0.0
 20
0.0
 30
0.0
  9
$PUCSBASE
  2

  9
$PUCSNAME
  2

  9
$PUCSORG
 10
0.0
 20
0.0
 30
0.0
  9
$PUCSXDIR
 10
1.0
 20
0.0
 30
0.0
  9
$PUCSYDIR
 10
0.0
 20
1.0
 30
0.0
  9
$PUCSORTHOREF
  2

  9
$PUCSORTHOVIEW
 70
     0
  9
$PUCSORGTOP
 10
0.0
 20
0.0
 30
0.0
  9
$PUCSORGBOTTOM
 10
0.0
 20
0.0
 30
0.0
  9
$PUCSORGLEFT
 10
0.0
 20
0.0
 30
0.0
  9
$PUCSORGRIGHT
 10
0.0
 20
0.0
 30
0.0
  9
$PUCSORGFRONT
 10
0.0
 20
0.0
 30
0.0
  9
$PUCSORGBACK
 10
0.0
 20
0.0
 30
0.0
  9
$USERI1
 70
     0
  9
$USERI2
 70
     0
  9
$USERI3
 70
     0
  9
$USERI4
 70
     0
  9
$USERI5
 70
     0
  9
$USERR1
 40
0.0
  9
$USERR2
 40
0.0
  9
$USERR3
 40
0.0
  9
$USERR4
 40
0.0
  9
$USERR5
 40
0.0
  9
$WORLDVIEW
 70
     1
  9
$SHADEDGE
 70
     3
  9
$SHADEDIF
 70
    70
  9
$TILEMODE
 70
     1
  9
$MAXACTVP
 70
    64
  9
$PINSBASE
 10
0.0
 20
0.0
 30
0.0
  9
$PLIMCHECK
 70
     0
  9
$PEXTMIN
 10
0.0
 20
0.0
 30
0.0
  9
$PEXTMAX
 10
0.0
 20
0.0
 30
0.0
  9
$PLIMMIN
 10
-20.0
 20
-7.5
  9
$PLIMMAX
 10
277.0
 20
202.5
  9
$UNITMODE
 70
     0
  9
$VISRETAIN
 70
     1
  9
$PLINEGEN
 70
     0
  9
$PSLTSCALE
 70
     1
  9
$TREEDEPTH
 70
  3020
  9
$CMLSTYLE
  2
Standard
  9
$CMLJUST
 70
     0
  9
$CMLSCALE
 40
20.0
  9
$PROXYGRAPHICS
 70
     1
  9
$MEASUREMENT
 70
     1
  9
$CELWEIGHT
370
    -1
  9
$ENDCAPS
280
     0
  9
$JOINSTYLE
280
     0
  9
$LWDISPLAY
290
     1
  9
$INSUNITS
 70
     4
  9
$HYPERLINKBASE
  1

  9
$STYLESHEET
  1

  9
$XEDIT
290
     1
  9
$CEPSNTYPE
380
     0
  9
$PSTYLEMODE
290
     1
  9
$FINGERPRINTGUID
  2
{3238e7b2-f4e0-404c-9df4-0987b64cd794}
  9
$VERSIONGUID
  2
{FAEB1C32-E019-11D5-929B-00C0DF256EC4}
  9
$EXTNAMES
290
     1
  9
$PSVPSCALE
 40
0.0
  9
$OLESTARTUP
290
     0
  9
$SORTENTS
280
   127
  9
$INDEXCTL
280
     0
  9
$HIDETEXT
280
     1
  9
$XCLIPFRAME
290
     0
  9
$HALOGAP
280
     0
  9
$OBSCOLOR
 70
   257
  9
$OBSLTYPE
280
     0
  9
$INTERSECTIONDISPLAY
280
     0
  9
$INTERSECTIONCOLOR
 70
   257
  9
$DIMASSOC
280
     2
  9
$PROJECTNAME
  1

  0
ENDSEC
  0
SECTION
  2
CLASSES
  0
CLASS
  1
ACDBDICTIONARYWDFLT
  2
AcDbDictionaryWithDefault
  3
ObjectDBX Classes
 90
        0
 91
        3
280
     0
281
     0
  0
CLASS
  1
VISUALSTYLE
  2
AcDbVisualStyle
  3
ObjectDBX Classes
 90
     4095
 91
        3
280
     0
281
     0
  0
CLASS
  1
MATERIAL
  2
AcDbMaterial
  3
ObjectDBX Classes
 90
     1153
 91
        3
280
     0
281
     0
  0
CLASS
  1
SCALE
  2
AcDbScale
  3
ObjectDBX Classes
 90
     1153
 91
        3
280
     0
281
     0
  0
CLASS
  1
TABLESTYLE
  2
AcDbTableStyle
  3
ObjectDBX Classes
 90
     4095
 91
        3
280
     0
281
     0
  0
CLASS
  1
MLEADERSTYLE
  2
AcDbMLeaderStyle
  3
ACDB_MLEADERSTYLE_CLASS
 90
     4095
 91
        3
280
     0
281
     0
  0
CLASS
  1
SUN
  2
AcDbSun
  3
SCENEOE
 90
     1153
 91
        3
280
     0
281
     0
  0
CLASS
  1
DICTIONARYVAR
  2
AcDbDictionaryVar
  3
ObjectDBX Classes
 90
        0
 91
        3
280
     0
281
     0
  0
CLASS
  1
CELLSTYLEMAP
  2
AcDbCellStyleMap
  3
ObjectDBX Classes
 90
     1152
 91
        3
280
     0
281
     0
  0
ENDSEC
  0
SECTION
  2
TABLES
  0
TABLE
  2
VPORT
  5
8
102
{ACAD_XDICTIONARY
360
26A
102
}
330
0
100
AcDbSymbolTable
 70
     1
  0
VPORT
  5
29
330
8
100
AcDbSymbolTableRecord
100
AcDbViewportTableRecord
  2
*Active
 70
     0
 10
0.0
 20
0.0
 11
1.0
 21
1.0
 12
23.91704413607323
 22
-14.12360977991
 13
0.0
 23
0.0
 14
10.0
 24
10.0
 15
10.0
 25
10.0
 16
0.0
 26
0.0
 36
1.0
 17
0.0
 27
0.0
 37
0.0
 40
145.6837639510164
 41
0.989348614104125
 42
50.0
 43
0.0
 44
0.0
 50
0.0
 51
0.0
 71
     0
 72
   100
 73
     1
 74
     3
 75
     0
 76
     0
 77
     0
 78
     0
281
     0
 65
     1
110
0.0
120
0.0
130
0.0
111
1.0
121
0.0
131
0.0
112
0.0
122
1.0
132
0.0
 79
     0
146
0.0
  0
ENDTAB
  0
TABLE
  2
LTYPE
  5
5
330
0
100
AcDbSymbolTable
 70
     9
  0
LTYPE
  5
14
330
5
100
AcDbSymbolTableRecord
100
AcDbLinetypeTableRecord
  2
ByBlock
 70
     0
  3

 72
    65
 73
     0
 40
0.0
  0
LTYPE
  5
15
330
5
100
AcDbSymbolTableRecord
100
AcDbLinetypeTableRecord
  2
ByLayer
 70
     0
  3

 72
    65
 73
     0
 40
0.0
  0
LTYPE
  5
16
330
5
100
AcDbSymbolTableRecord
100
AcDbLinetypeTableRecord
  2
Continuous
 70
     0
  3
Solid line
 72
    65
 73
     0
 40
0.0
  0
LTYPE
  5
E8
330
5
100
AcDbSymbolTableRecord
100
AcDbLinetypeTableRecord
  2
ZIGZAG
 70
     0
  3

 72
    83
 73
     2
 40
0.8001
 49
0.0001
 74
     4
 75
   131
340
0
 46
0.2
 50
0.0
 44
0.0
 45
0.0
 49
-0.8
 74
     4
 75
     0
340
0
 46
1.0
 50
0.0
 44
0.0
 45
0.0
  0
LTYPE
  5
1E1
330
5
100
AcDbSymbolTableRecord
100
AcDbLinetypeTableRecord
  2
HIDDEN_per6_scale0.872385
 70
     0
  3

 72
    83
 73
     2
 40
6.106694535573978
 49
4.361924668267127
 74
     0
 49
-1.744769867306851
 74
     0
  0
LTYPE
  5
1E3
330
5
100
AcDbSymbolTableRecord
100
AcDbLinetypeTableRecord
  2
CENTER_per4_scale0.981816
 70
     0
  3

 72
    83
 73
     4
 40
18.65450697046238
 49
14.72724234510188
 74
     0
 49
-1.472724234510188
 74
     0
 49
0.9818161563401254
 74
     0
 49
-1.472724234510188
 74
     0
  0
LTYPE
  5
1E9
330
5
100
AcDbSymbolTableRecord
100
AcDbLinetypeTableRecord
  2
HIDDEN_per4_scale0.927500
 70
     0
  3

 72
    83
 73
     2
 40
6.4925
 49
4.6375
 74
     0
 49
-1.855
 74
     0
  0
LTYPE
  5
1EB
330
5
100
AcDbSymbolTableRecord
100
AcDbLinetypeTableRecord
  2
HIDDEN_per1_scale0.606092
 70
     0
  3

 72
    83
 73
     2
 40
4.242640687119285
 49
3.030457633656632
 74
     0
 49
-1.212183053462653
 74
     0
  0
LTYPE
  5
1ED
330
5
100
AcDbSymbolTableRecord
100
AcDbLinetypeTableRecord
  2
HIDDEN_per1_scale0.994286
 70
     0
  3

 72
    83
 73
     2
 40
6.960000000000001
 49
4.971428571428572
 74
     0
 49
-1.988571428571429
 74
     0
  0
LTYPE
  5
1FC
330
5
100
AcDbSymbolTableRecord
100
AcDbLinetypeTableRecord
  2
CENTER2_per2_scale0.916210
 70
     0
  3

 72
    83
 73
     4
 40
7.329682096087139
 49
4.581051310054462
 74
     0
 49
-0.9162102620108924
 74
     0
 49
0.9162102620108924
 74
     0
 49
-0.9162102620108924
 74
     0
  0
LTYPE
  5
202
330
5
100
AcDbSymbolTableRecord
100
AcDbLinetypeTableRecord
  2
PHANTOM_pere_scale0.964743
 70
     0
  3

 72
    83
 73
     6
 40
19.29485591772553
 49
14.47114193829415
 74
     0
 49
-0.9647427958862765
 74
     0
 49
0.9647427958862765
 74
     0
 49
-0.9647427958862765
 74
     0
 49
0.9647427958862765
 74
     0
 49
-0.9647427958862765
 74
     0
  0
ENDTAB
  0
TABLE
  2
LAYER
  5
2
330
0
100
AcDbSymbolTable
 70
     3
  0
LAYER
  5
10
330
2
100
AcDbSymbolTableRecord
100
AcDbLayerTableRecord
  2
0
 70
     0
 62
     7
  6
Continuous
370
    -3
390
F
  0
LAYER
  5
5E
330
2
100
AcDbSymbolTableRecord
100
AcDbLayerTableRecord
  2
Defpoints
 70
     0
 62
     7
  6
Continuous
290
     0
370
    -3
390
F
  0
LAYER
  5
5F
330
2
100
AcDbSymbolTableRecord
100
AcDbLayerTableRecord
  2
жесткий_слой
 70
     0
 62
     7
  6
Continuous
370
    -3
390
F
  0
ENDTAB
  0
TABLE
  2
STYLE
  5
3
330
0
100
AcDbSymbolTable
 70
     1
  0
STYLE
  5
11
330
3
100
AcDbSymbolTableRecord
100
AcDbTextStyleTableRecord
  2
Standard
 70
     0
 40
0.0
 41
1.0
 50
0.0
 71
     0
 42
2.5
  3
txt
  4

  0
ENDTAB
  0
TABLE
  2
VIEW
  5
6
330
0
100
AcDbSymbolTable
 70
     0
  0
ENDTAB
  0
TABLE
  2
UCS
  5
7
330
0
100
AcDbSymbolTable
 70
     0
  0
ENDTAB
  0
TABLE
  2
APPID
  5
9
330
0
100
AcDbSymbolTable
 70
     2
  0
APPID
  5
12
330
9
100
AcDbSymbolTableRecord
100
AcDbRegAppTableRecord
  2
ACAD
 70
     0
  0
APPID
  5
2A9
330
9
100
AcDbSymbolTableRecord
100
AcDbRegAppTableRecord
  2
ACAD_MLEADERVER
 70
     0
  0
ENDTAB
  0
TABLE
  2
DIMSTYLE
  5
A
330
0
100
AcDbSymbolTable
 70
     1
100
AcDbDimStyleTable
  0
DIMSTYLE
105
27
330
A
100
AcDbSymbolTableRecord
100
AcDbDimStyleTableRecord
  2
ISO-25
 70
     0
 41
2.5
 42
0.625
 43
3.75
 44
1.25
 73
     0
 74
     0
 77
     1
 78
     8
140
2.5
141
2.5
143
0.03937007874016
147
0.625
171
     3
172
     1
178
     0
271
     2
272
     2
274
     3
278
    44
283
     0
284
     8
340
11
  0
ENDTAB
  0
TABLE
  2
BLOCK_RECORD
  5
1
330
0
100
AcDbSymbolTable
 70
     5
  0
BLOCK_RECORD
  5
1F
330
1
100
AcDbSymbolTableRecord
100
AcDbBlockTableRecord
  2
*Model_Space
340
22
  0
BLOCK_RECORD
  5
25B
330
1
100
AcDbSymbolTableRecord
100
AcDbBlockTableRecord
  2
*Paper_Space
340
25C
  0
BLOCK_RECORD
  5
60
330
1
100
AcDbSymbolTableRecord
100
AcDbBlockTableRecord
  2
Model
340
0
102
{BLKREFS
331
69
102
}
  0
BLOCK_RECORD
  5
1B
330
1
100
AcDbSymbolTableRecord
100
AcDbBlockTableRecord
  2
*Paper_Space2
340
1E
  0
BLOCK_RECORD
  5
6A
330
1
100
AcDbSymbolTableRecord
100
AcDbBlockTableRecord
  2
im1Линия_1
340
0
102
{BLKREFS
331
6B
102
}
  0
BLOCK_RECORD
  5
EA
330
1
100
AcDbSymbolTableRecord
100
AcDbBlockTableRecord
  2
im2Линия_3
340
0
102
{BLKREFS
331
EB
102
}
  0
BLOCK_RECORD
  5
25A
330
1
100
AcDbSymbolTableRecord
100
AcDbBlockTableRecord
  2
Layout1
340
0
102
{BLKREFS
331
263
102
}
  0
ENDTAB
  0
ENDSEC
  0
SECTION
  2
BLOCKS
  0
BLOCK
  5
20
330
1F
100
AcDbEntity
  8
0
100
AcDbBlockBegin
  2
*Model_Space
 70
     0
 10
0.0
 20
0.0
 30
0.0
  3
*Model_Space
  1

  0
ENDBLK
  5
21
330
1F
100
AcDbEntity
  8
0
100
AcDbBlockEnd
  0
BLOCK
  5
25D
330
25B
100
AcDbEntity
 67
     1
  8
0
100
AcDbBlockBegin
  2
*Paper_Space
 70
     0
 10
0.0
 20
0.0
 30
0.0
  3
*Paper_Space
  1

  0
ENDBLK
  5
25E
330
25B
100
AcDbEntity
 67
     1
  8
0
100
AcDbBlockEnd
  0
BLOCK
  5
258
330
60
100
AcDbEntity
  8
0
100
AcDbBlockBegin
  2
Model
 70
     0
 10
0.0
 20
0.0
 30
0.0
  3
Model
  1

  0
INSERT
  5
6B
330
60
100
AcDbEntity
  8
0
100
AcDbBlockReference
  2
im1Линия_1
 10
0.0
 20
0.0
 30
0.0
  0
LINE
  5
E9
330
60
100
AcDbEntity
  8
0
  6
ZIGZAG
 62
     0
370
    40
100
AcDbLine
 10
27.41
 20
-12.02
 30
0.0
 11
63.08
 21
9.13
 31
0.0
  0
INSERT
  5
EB
330
60
100
AcDbEntity
  8
0
100
AcDbBlockReference
  2
im2Линия_3
 10
0.0
 20
0.0
 30
0.0
  0
ARC
  5
1E2
330
60
100
AcDbEntity
  8
0
  6
HIDDEN_per6_scale0.872385
 62
     0
370
    40
100
AcDbCircle
 10
4.416434995911691
 20
-24.22992641046605
 30
0.0
 40
20.11462523956741
100
AcDbArc
 50
50.54026284300717
 51
154.9084485278375
  0
ELLIPSE
  5
1E4
330
60
100
AcDbEntity
  8
0
  6
CENTER_per4_scale0.981816
 62
     0
370
    40
100
AcDbEllipse
 10
26.6
 20
-36.3
 30
0.0
 11
9.799999999999999
 21
12.6
 31
0.0
210
0.0
220
0.0
230
1.0
 40
0.4307692307692311
 41
0.0
 42
6.283185307179586
  0
LINE
  5
1E5
330
60
100
AcDbEntity
  8
жесткий_слой
  6
Continuous
 62
    11
420
 16737894
370
     5
100
AcDbLine
 10
22.2
 20
14.9
 30
0.0
 11
45.0
 21
14.9
 31
0.0
  0
LINE
  5
1E6
330
60
100
AcDbEntity
  8
жесткий_слой
  6
Continuous
 62
    11
420
 16737894
370
     5
100
AcDbLine
 10
45.0
 20
14.9
 30
0.0
 11
45.0
 21
31.7
 31
0.0
  0
LINE
  5
1E7
330
60
100
AcDbEntity
  8
жесткий_слой
  6
Continuous
 62
    11
420
 16737894
370
     5
100
AcDbLine
 10
45.0
 20
31.7
 30
0.0
 11
22.2
 21
31.7
 31
0.0
  0
LINE
  5
1E8
330
60
100
AcDbEntity
  8
жесткий_слой
  6
Continuous
 62
    11
420
 16737894
370
     5
100
AcDbLine
 10
22.2
 20
31.7
 30
0.0
 11
22.2
 21
14.9
 31
0.0
  0
LINE
  5
1EA
330
60
100
AcDbEntity
  8
жесткий_слой
  6
HIDDEN_per4_scale0.927500
 62
    52
420
 13421568
370
    40
100
AcDbLine
 10
65.6
 20
35.14
 30
0.0
 11
91.57
 21
35.14
 31
0.0
  0
LINE
  5
1EC
330
60
100
AcDbEntity
  8
жесткий_слой
  6
HIDDEN_per1_scale0.606092
 62
    52
420
 13421568
370
    40
100
AcDbLine
 10
91.57
 20
35.14
 30
0.0
 11
94.57
 21
38.14
 31
0.0
  0
LINE
  5
1EE
330
60
100
AcDbEntity
  8
жесткий_слой
  6
HIDDEN_per1_scale0.994286
 62
    52
420
 13421568
370
    40
100
AcDbLine
 10
94.57
 20
38.14
 30
0.0
 11
94.57
 21
45.1
 31
0.0
  0
LINE
  5
1EF
330
60
100
AcDbEntity
  8
жесткий_слой
  6
HIDDEN_per1_scale0.606092
 62
    52
420
 13421568
370
    40
100
AcDbLine
 10
94.57
 20
45.1
 30
0.0
 11
91.57
 21
48.1
 31
0.0
  0
LINE
  5
1F0
330
60
100
AcDbEntity
  8
жесткий_слой
  6
HIDDEN_per4_scale0.927500
 62
    52
420
 13421568
370
    40
100
AcDbLine
 10
91.57
 20
48.1
 30
0.0
 11
65.6
 21
48.1
 31
0.0
  0
LINE
  5
1F1
330
60
100
AcDbEntity
  8
жесткий_слой
  6
HIDDEN_per1_scale0.606092
 62
    52
420
 13421568
370
    40
100
AcDbLine
 10
65.6
 20
48.1
 30
0.0
 11
62.6
 21
45.1
 31
0.0
  0
LINE
  5
1F2
330
60
100
AcDbEntity
  8
жесткий_слой
  6
HIDDEN_per1_scale0.994286
 62
    52
420
 13421568
370
    40
100
AcDbLine
 10
62.6
 20
45.1
 30
0.0
 11
62.6
 21
38.14
 31
0.0
  0
LINE
  5
1F3
330
60
100
AcDbEntity
  8
жесткий_слой
  6
HIDDEN_per1_scale0.606092
 62
    52
420
 13421568
370
    40
100
AcDbLine
 10
62.6
 20
38.14
 30
0.0
 11
65.6
 21
35.14
 31
0.0
  0
LINE
  5
1F4
330
60
100
AcDbEntity
  8
жесткий_слой
  6
Continuous
 62
    81
420
 10092390
370
    80
100
AcDbLine
 10
-17.56
 20
32.52
 30
0.0
 11
5.57
 21
32.52
 31
0.0
  0
LINE
  5
1F5
330
60
100
AcDbEntity
  8
жесткий_слой
  6
Continuous
 62
    81
420
 10092390
370
    80
100
AcDbLine
 10
11.57
 20
38.52
 30
0.0
 11
11.57
 21
51.29
 31
0.0
  0
LINE
  5
1F6
330
60
100
AcDbEntity
  8
жесткий_слой
  6
Continuous
 62
    81
420
 10092390
370
    80
100
AcDbLine
 10
5.57
 20
57.29
 30
0.0
 11
-17.56
 21
57.29
 31
0.0
  0
LINE
  5
1F7
330
60
100
AcDbEntity
  8
жесткий_слой
  6
Continuous
 62
    81
420
 10092390
370
    80
100
AcDbLine
 10
-23.56
 20
51.29
 30
0.0
 11
-23.56
 21
38.52
 31
0.0
  0
ARC
  5
1F8
330
60
100
AcDbEntity
  8
жесткий_слой
  6
Continuous
 62
    81
420
 10092390
370
    80
100
AcDbCircle
 10
-17.56
 20
38.52
 30
0.0
 40
6.000000000000004
100
AcDbArc
 50
180.0
 51
269.9999999999996
  0
ARC
  5
1F9
330
60
100
AcDbEntity
  8
жесткий_слой
  6
Continuous
 62
    81
420
 10092390
370
    80
100
AcDbCircle
 10
5.569999999999993
 20
38.52000000000001
 30
0.0
 40
6.000000000000007
100
AcDbArc
 50
269.9999999999997
 51
359.9999999999997
  0
ARC
  5
1FA
330
60
100
AcDbEntity
  8
жесткий_слой
  6
Continuous
 62
    81
420
 10092390
370
    80
100
AcDbCircle
 10
5.569999999999996
 20
51.28999999999999
 30
0.0
 40
6.000000000000004
100
AcDbArc
 50
0.0
 51
89.99999999999996
  0
ARC
  5
1FB
330
60
100
AcDbEntity
  8
жесткий_слой
  6
Continuous
 62
    81
420
 10092390
370
    80
100
AcDbCircle
 10
-17.56000000000001
 20
51.29000000000001
 30
0.0
 40
5.999999999999993
100
AcDbArc
 50
89.99999999999994
 51
179.9999999999996
  0
LINE
  5
1FD
330
60
100
AcDbEntity
  8
0
  6
CENTER2_per2_scale0.916210
 62
    93
420
  3394662
370
    80
100
AcDbLine
 10
77.00033465500177
 20
-19.29365482657622
 30
0.0
 11
62.38279903535296
 21
-18.18703342469577
 31
0.0
  0
LINE
  5
1FE
330
60
100
AcDbEntity
  8
0
  6
CENTER2_per2_scale0.916210
 62
    93
420
  3394662
370
    80
100
AcDbLine
 10
62.38279903535296
 20
-18.18703342469577
 30
0.0
 11
56.81327261767027
 21
-31.7471711084192
 31
0.0
  0
LINE
  5
1FF
330
60
100
AcDbEntity
  8
0
  6
CENTER2_per2_scale0.916210
 62
    93
420
  3394662
370
    80
100
AcDbLine
 10
56.81327261767027
 20
-31.7471711084192
 30
0.0
 11
67.98865160995074
 21
-41.234418490969
 31
0.0
  0
LINE
  5
200
330
60
100
AcDbEntity
  8
0
  6
CENTER2_per2_scale0.916210
 62
    93
420
  3394662
370
    80
100
AcDbLine
 10
67.98865160995074
 20
-41.234418490969
 30
0.0
 11
80.4649420820243
 21
-33.53772214933981
 31
0.0
  0
LINE
  5
201
330
60
100
AcDbEntity
  8
0
  6
CENTER2_per2_scale0.916210
 62
    93
420
  3394662
370
    80
100
AcDbLine
 10
80.4649420820243
 20
-33.53772214933981
 30
0.0
 11
77.00033465500177
 21
-19.29365482657622
 31
0.0
  0
POLYLINE
  5
203
330
60
100
AcDbEntity
  8
0
 62
     0
370
    40
100
AcDb2dPolyline
 66
     1
 10
0.0
 20
0.0
 30
0.0
 70
   128
  0
VERTEX
  5
204
330
203
100
AcDbEntity
  8
0
 62
     0
370
    40
100
AcDbVertex
100
AcDb2dVertex
 10
63.46177777777777
 20
28.79933333333332
 30
0.0
  0
VERTEX
  5
205
330
203
100
AcDbEntity
  8
0
 62
     0
370
    40
100
AcDbVertex
100
AcDb2dVertex
 10
67.24621672216854
 20
25.11215318066845
 30
0.0
  0
VERTEX
  5
206
330
203
100
AcDbEntity
  8
0
 62
     0
370
    40
100
AcDbVertex
100
AcDb2dVertex
 10
70.83660560504308
 20
21.35028015368799
 30
0.0
  0
VERTEX
  5
207
330
203
100
AcDbEntity
  8
0
 62
     0
370
    40
100
AcDbVertex
100
AcDb2dVertex
 10
74.20845428870963
 20
17.4995620957173
 30
0.0
  0
VERTEX
  5
208
330
203
100
AcDbEntity
  8
0
 62
     0
370
    40
100
AcDbVertex
100
AcDb2dVertex
 10
77.33727263547648
 20
13.54584685008177
 30
0.0
  0
VERTEX
  5
209
330
203
100
AcDbEntity
  8
0
 62
     0
370
    40
100
AcDbVertex
100
AcDb2dVertex
 10
80.19857050765192
 20
9.474982260106781
 30
0.0
  0
VERTEX
  5
20A
330
203
100
AcDbEntity
  8
0
 62
     0
370
    40
100
AcDbVertex
100
AcDb2dVertex
 10
82.2431059222648
 20
6.185042929241098
 30
0.0
  0
VERTEX
  5
20B
330
203
100
AcDbEntity
  8
0
 62
     0
370
    40
100
AcDbVertex
100
AcDb2dVertex
 10
84.09549033451788
 20
2.807180397481907
 30
0.0
  0
VERTEX
  5
20C
330
203
100
AcDbEntity
  8
0
 62
     0
370
    40
100
AcDbVertex
100
AcDb2dVertex
 10
85.7438445996343
 20
-0.665469956356619
 30
0.0
  0
VERTEX
  5
20D
330
203
100
AcDbEntity
  8
0
 62
     0
370
    40
100
AcDbVertex
100
AcDb2dVertex
 10
87.1762895728372
 20
-4.239772753460312
 30
0.0
  0
VERTEX
  5
20E
330
203
100
AcDbEntity
  8
0
 62
     0
370
    40
100
AcDbVertex
100
AcDb2dVertex
 10
88.38094610934975
 20
-7.922592615015021
 30
0.0
  0
VERTEX
  5
20F
330
203
100
AcDbEntity
  8
0
 62
     0
370
    40
100
AcDbVertex
100
AcDb2dVertex
 10
89.39645418858383
 20
-11.9548480551164
 30
0.0
  0
VERTEX
  5
210
330
203
100
AcDbEntity
  8
0
 62
     0
370
    40
100
AcDbVertex
100
AcDb2dVertex
 10
90.12819121533383
 20
-16.1250845530471
 30
0.0
  0
VERTEX
  5
211
330
203
100
AcDbEntity
  8
0
 62
     0
370
    40
100
AcDbVertex
100
AcDb2dVertex
 10
90.56198465621337
 20
-20.44149201429008
 30
0.0
  0
VERTEX
  5
212
330
203
100
AcDbEntity
  8
0
 62
     0
370
    40
100
AcDbVertex
100
AcDb2dVertex
 10
90.68366197783601
 20
-24.91226034432836
 30
0.0
  0
VERTEX
  5
213
330
203
100
AcDbEntity
  8
0
 62
     0
370
    40
100
AcDbVertex
100
AcDb2dVertex
 10
90.47905064681537
 20
-29.54557944864495
 30
0.0
  0
VERTEX
  5
214
330
203
100
AcDbEntity
  8
0
 62
     0
370
    40
100
AcDbVertex
100
AcDb2dVertex
 10
89.93328241417491
 20
-34.33924265804639
 30
0.0
  0
VERTEX
  5
215
330
203
100
AcDbEntity
  8
0
 62
     0
370
    40
100
AcDbVertex
100
AcDb2dVertex
 10
89.2524491305585
 20
-38.17194164904545
 30
0.0
  0
VERTEX
  5
216
330
203
100
AcDbEntity
  8
0
 62
     0
370
    40
100
AcDbVertex
100
AcDb2dVertex
 10
88.33840762152049
 20
-42.00846689395942
 30
0.0
  0
VERTEX
  5
217
330
203
100
AcDbEntity
  8
0
 62
     0
370
    40
100
AcDbVertex
100
AcDb2dVertex
 10
87.18067184598199
 20
-45.79882121407287
 30
0.0
  0
VERTEX
  5
218
330
203
100
AcDbEntity
  8
0
 62
     0
370
    40
100
AcDbVertex
100
AcDb2dVertex
 10
85.76875576286417
 20
-49.4930074306704
 30
0.0
  0
VERTEX
  5
219
330
203
100
AcDbEntity
  8
0
 62
     0
370
    40
100
AcDbVertex
100
AcDb2dVertex
 10
84.09217333108822
 20
-53.0410283650366
 30
0.0
  0
VERTEX
  5
21A
330
203
100
AcDbEntity
  8
0
 62
     0
370
    40
100
AcDbVertex
100
AcDb2dVertex
 10
82.1404385095752
 20
-56.39288683845602
 30
0.0
  0
VERTEX
  5
21B
330
203
100
AcDbEntity
  8
0
 62
     0
370
    40
100
AcDbVertex
100
AcDb2dVertex
 10
80.458233548583
 20
-58.78937939391754
 30
0.0
  0
VERTEX
  5
21C
330
203
100
AcDbEntity
  8
0
 62
     0
370
    40
100
AcDbVertex
100
AcDb2dVertex
 10
78.6047917408939
 20
-61.02006218699474
 30
0.0
  0
VERTEX
  5
21D
330
203
100
AcDbEntity
  8
0
 62
     0
370
    40
100
AcDbVertex
100
AcDb2dVertex
 10
76.57544357599573
 20
-63.06267110963852
 30
0.0
  0
VERTEX
  5
21E
330
203
100
AcDbEntity
  8
0
 62
     0
370
    40
100
AcDbVertex
100
AcDb2dVertex
 10
74.36551954337644
 20
-64.89494205379981
 30
0.0
  0
VERTEX
  5
21F
330
203
100
AcDbEntity
  8
0
 62
     0
370
    40
100
AcDbVertex
100
AcDb2dVertex
 10
71.97035013252392
 20
-66.4946109114295
 30
0.0
  0
VERTEX
  5
220
330
203
100
AcDbEntity
  8
0
 62
     0
370
    40
100
AcDbVertex
100
AcDb2dVertex
 10
69.43315863468145
 20
-67.81782978916596
 30
0.0
  0
VERTEX
  5
221
330
203
100
AcDbEntity
  8
0
 62
     0
370
    40
100
AcDbVertex
100
AcDb2dVertex
 10
66.7146644127534
 20
-68.88513607989438
 30
0.0
  0
VERTEX
  5
222
330
203
100
AcDbEntity
  8
0
 62
     0
370
    40
100
AcDbVertex
100
AcDb2dVertex
 10
63.82982267756318
 20
-69.70927633616961
 30
0.0
  0
VERTEX
  5
223
330
203
100
AcDbEntity
  8
0
 62
     0
370
    40
100
AcDbVertex
100
AcDb2dVertex
 10
60.79524200457794
 20
-70.3058841720431
 30
0.0
  0
VERTEX
  5
224
330
203
100
AcDbEntity
  8
0
 62
     0
370
    40
100
AcDbVertex
100
AcDb2dVertex
 10
57.18617189393536
 20
-70.7274983240199
 30
0.0
  0
VERTEX
  5
225
330
203
100
AcDbEntity
  8
0
 62
     0
370
    40
100
AcDbVertex
100
AcDb2dVertex
 10
53.42955919404277
 20
-70.89842376752947
 30
0.0
  0
VERTEX
  5
226
330
203
100
AcDbEntity
  8
0
 62
     0
370
    40
100
AcDbVertex
100
AcDb2dVertex
 10
49.54977552320167
 20
-70.84160145106496
 30
0.0
  0
VERTEX
  5
227
330
203
100
AcDbEntity
  8
0
 62
     0
370
    40
100
AcDbVertex
100
AcDb2dVertex
 10
45.57119249971356
 20
-70.57997232311958
 30
0.0
  0
VERTEX
  5
228
330
203
100
AcDbEntity
  8
0
 62
     0
370
    40
100
AcDbVertex
100
AcDb2dVertex
 10
41.51818174187991
 20
-70.13647733218644
 30
0.0
  0
VERTEX
  5
229
330
203
100
AcDbEntity
  8
0
 62
     0
370
    40
100
AcDbVertex
100
AcDb2dVertex
 10
37.41511486800223
 20
-69.53405742675884
 30
0.0
  0
VERTEX
  5
22A
330
203
100
AcDbEntity
  8
0
 62
     0
370
    40
100
AcDbVertex
100
AcDb2dVertex
 10
33.28636349638197
 20
-68.79565355532984
 30
0.0
  0
VERTEX
  5
22B
330
203
100
AcDbEntity
  8
0
 62
     0
370
    40
100
AcDbVertex
100
AcDb2dVertex
 10
29.15629924532067
 20
-67.94420666639272
 30
0.0
  0
VERTEX
  5
22C
330
203
100
AcDbEntity
  8
0
 62
     0
370
    40
100
AcDbVertex
100
AcDb2dVertex
 10
23.90678353514705
 20
-66.72600208310367
 30
0.0
  0
VERTEX
  5
22D
330
203
100
AcDbEntity
  8
0
 62
     0
370
    40
100
AcDbVertex
100
AcDb2dVertex
 10
18.74615825078654
 20
-65.40828492595483
 30
0.0
  0
VERTEX
  5
22E
330
203
100
AcDbEntity
  8
0
 62
     0
370
    40
100
AcDbVertex
100
AcDb2dVertex
 10
13.72303902427463
 20
-64.04050526414885
 30
0.0
  0
VERTEX
  5
22F
330
203
100
AcDbEntity
  8
0
 62
     0
370
    40
100
AcDbVertex
100
AcDb2dVertex
 10
8.867456263239383
 20
-62.68208901578182
 30
0.0
  0
VERTEX
  5
230
330
203
100
AcDbEntity
  8
0
 62
     0
370
    40
100
AcDbVertex
100
AcDb2dVertex
 10
4.201054141886466
 20
-61.39696351338382
 30
0.0
  0
VERTEX
  5
231
330
203
100
AcDbEntity
  8
0
 62
     0
370
    40
100
AcDbVertex
100
AcDb2dVertex
 10
-0.2545639444802837
 20
-60.24907797806456
 30
0.0
  0
VERTEX
  5
232
330
203
100
AcDbEntity
  8
0
 62
     0
370
    40
100
AcDbVertex
100
AcDb2dVertex
 10
-4.477794600556994
 20
-59.30238163093368
 30
0.0
  0
VERTEX
  5
233
330
203
100
AcDbEntity
  8
0
 62
     0
370
    40
100
AcDbVertex
100
AcDb2dVertex
 10
-7.235236535673884
 20
-58.80146476441683
 30
0.0
  0
VERTEX
  5
234
330
203
100
AcDbEntity
  8
0
 62
     0
370
    40
100
AcDbVertex
100
AcDb2dVertex
 10
-9.865608071010719
 20
-58.44664759850986
 30
0.0
  0
VERTEX
  5
235
330
203
100
AcDbEntity
  8
0
 62
     0
370
    40
100
AcDbVertex
100
AcDb2dVertex
 10
-12.36188915794705
 20
-58.25871050755281
 30
0.0
  0
VERTEX
  5
236
330
203
100
AcDbEntity
  8
0
 62
     0
370
    40
100
AcDbVertex
100
AcDb2dVertex
 10
-14.71705974786241
 20
-58.25843386588578
 30
0.0
  0
VERTEX
  5
237
330
203
100
AcDbEntity
  8
0
 62
     0
370
    40
100
AcDbVertex
100
AcDb2dVertex
 10
-16.92409979213633
 20
-58.46659804784883
 30
0.0
  0
VERTEX
  5
238
330
203
100
AcDbEntity
  8
0
 62
     0
370
    40
100
AcDbVertex
100
AcDb2dVertex
 10
-18.97598924214838
 20
-58.90398342778208
 30
0.0
  0
VERTEX
  5
239
330
203
100
AcDbEntity
  8
0
 62
     0
370
    40
100
AcDbVertex
100
AcDb2dVertex
 10
-20.86570263245085
 20
-59.59120684593451
 30
0.0
  0
VERTEX
  5
23A
330
203
100
AcDbEntity
  8
0
 62
     0
370
    40
100
AcDbVertex
100
AcDb2dVertex
 10
-22.5856513096896
 20
-60.53188249156673
 30
0.0
  0
VERTEX
  5
23B
330
203
100
AcDbEntity
  8
0
 62
     0
370
    40
100
AcDbVertex
100
AcDb2dVertex
 10
-24.14183039899122
 20
-61.71082551090322
 30
0.0
  0
VERTEX
  5
23C
330
203
100
AcDbEntity
  8
0
 62
     0
370
    40
100
AcDbVertex
100
AcDb2dVertex
 10
-25.50696848650306
 20
-63.08737772733026
 30
0.0
  0
VERTEX
  5
23D
330
203
100
AcDbEntity
  8
0
 62
     0
370
    40
100
AcDbVertex
100
AcDb2dVertex
 10
-26.67204758273068
 20
-64.62912511580544
 30
0.0
  0
VERTEX
  5
23E
330
203
100
AcDbEntity
  8
0
 62
     0
370
    40
100
AcDbVertex
100
AcDb2dVertex
 10
-27.62804969817964
 20
-66.30365365128623
 30
0.0
  0
VERTEX
  5
23F
330
203
100
AcDbEntity
  8
0
 62
     0
370
    40
100
AcDbVertex
100
AcDb2dVertex
 10
-28.36595684335553
 20
-68.07854930873015
 30
0.0
  0
VERTEX
  5
240
330
203
100
AcDbEntity
  8
0
 62
     0
370
    40
100
AcDbVertex
100
AcDb2dVertex
 10
-28.87675102876392
 20
-69.92139806309478
 30
0.0
  0
VERTEX
  5
241
330
203
100
AcDbEntity
  8
0
 62
     0
370
    40
100
AcDbVertex
100
AcDb2dVertex
 10
-29.15141426491036
 20
-71.79978588933757
 30
0.0
  0
VERTEX
  5
242
330
203
100
AcDbEntity
  8
0
 62
     0
370
    40
100
AcDbVertex
100
AcDb2dVertex
 10
-29.18092856230044
 20
-73.68129876241608
 30
0.0
  0
VERTEX
  5
243
330
203
100
AcDbEntity
  8
0
 62
     0
370
    40
100
AcDbVertex
100
AcDb2dVertex
 10
-28.95627593143973
 20
-75.5335226572878
 30
0.0
  0
VERTEX
  5
244
330
203
100
AcDbEntity
  8
0
 62
     0
370
    40
100
AcDbVertex
100
AcDb2dVertex
 10
-28.46843838283379
 20
-77.32404354891028
 30
0.0
  0
VERTEX
  5
245
330
203
100
AcDbEntity
  8
0
 62
     0
370
    40
100
AcDbVertex
100
AcDb2dVertex
 10
-27.70839792698821
 20
-79.02044741224105
 30
0.0
  0
VERTEX
  5
246
330
203
100
AcDbEntity
  8
0
 62
     0
370
    40
100
AcDbVertex
100
AcDb2dVertex
 10
-26.66713657440852
 20
-80.59032022223764
 30
0.0
  0
VERTEX
  5
247
330
203
100
AcDbEntity
  8
0
 62
     0
370
    40
100
AcDbVertex
100
AcDb2dVertex
 10
-25.54396217284766
 20
-81.81064670056915
 30
0.0
  0
VERTEX
  5
248
330
203
100
AcDbEntity
  8
0
 62
     0
370
    40
100
AcDbVertex
100
AcDb2dVertex
 10
-24.2018720714023
 20
-82.89378487231144
 30
0.0
  0
VERTEX
  5
249
330
203
100
AcDbEntity
  8
0
 62
     0
370
    40
100
AcDbVertex
100
AcDb2dVertex
 10
-22.63518730292728
 20
-83.81932240682555
 30
0.0
  0
VERTEX
  5
24A
330
203
100
AcDbEntity
  8
0
 62
     0
370
    40
100
AcDbVertex
100
AcDb2dVertex
 10
-20.8382289002774
 20
-84.56684697347244
 30
0.0
  0
VERTEX
  5
24B
330
203
100
AcDbEntity
  8
0
 62
     0
370
    40
100
AcDbVertex
100
AcDb2dVertex
 10
-18.8053178963075
 20
-85.11594624161317
 30
0.0
  0
VERTEX
  5
24C
330
203
100
AcDbEntity
  8
0
 62
     0
370
    40
100
AcDbVertex
100
AcDb2dVertex
 10
-16.53077532387238
 20
-85.44620788060868
 30
0.0
  0
VERTEX
  5
24D
330
203
100
AcDbEntity
  8
0
 62
     0
370
    40
100
AcDbVertex
100
AcDb2dVertex
 10
-14.00892221582681
 20
-85.53721955982002
 30
0.0
  0
VERTEX
  5
24E
330
203
100
AcDbEntity
  8
0
 62
     0
370
    40
100
AcDbVertex
100
AcDb2dVertex
 10
-11.85515268130905
 20
-85.42801139991865
 30
0.0
  0
VERTEX
  5
24F
330
203
100
AcDbEntity
  8
0
 62
     0
370
    40
100
AcDbVertex
100
AcDb2dVertex
 10
-9.54314499178157
 20
-85.14936375101796
 30
0.0
  0
VERTEX
  5
250
330
203
100
AcDbEntity
  8
0
 62
     0
370
    40
100
AcDbVertex
100
AcDb2dVertex
 10
-7.070162508040361
 20
-84.69144010890096
 30
0.0
  0
VERTEX
  5
251
330
203
100
AcDbEntity
  8
0
 62
     0
370
    40
100
AcDbVertex
100
AcDb2dVertex
 10
-4.433468590881438
 20
-84.04440396935068
 30
0.0
  0
VERTEX
  5
252
330
203
100
AcDbEntity
  8
0
 62
     0
370
    40
100
AcDbVertex
100
AcDb2dVertex
 10
-1.6303266011008
 20
-83.19841882815021
 30
0.0
  0
VERTEX
  5
253
330
203
100
AcDbEntity
  8
0
 62
     0
370
    40
100
AcDbVertex
100
AcDb2dVertex
 10
1.287423379006125
 20
-82.16437123064107
 30
0.0
  0
VERTEX
  5
254
330
203
100
AcDbEntity
  8
0
 62
     0
370
    40
100
AcDbVertex
100
AcDb2dVertex
 10
4.370962344916393
 20
-80.91960927291983
 30
0.0
  0
VERTEX
  5
255
330
203
100
AcDbEntity
  8
0
 62
     0
370
    40
100
AcDbVertex
100
AcDb2dVertex
 10
7.622882932537695
 20
-79.45481405244293
 30
0.0
  0
VERTEX
  5
256
330
203
100
AcDbEntity
  8
0
 62
     0
370
    40
100
AcDbVertex
100
AcDb2dVertex
 10
11.04577777777778
 20
-77.76066666666667
 30
0.0
  0
SEQEND
  5
257
330
203
100
AcDbEntity
  8
0
 62
     0
370
    40
  0
ENDBLK
  5
259
330
60
100
AcDbEntity
  8
0
100
AcDbBlockEnd
  0
BLOCK
  5
1C
330
1B
100
AcDbEntity
  8
0
100
AcDbBlockBegin
  2
*Paper_Space2
 70
     0
 10
0.0
 20
0.0
 30
0.0
  3
*Paper_Space2
  1

  0
ENDBLK
  5
1D
330
1B
100
AcDbEntity
  8
0
100
AcDbBlockEnd
  0
BLOCK
  5
E6
330
6A
100
AcDbEntity
  8
0
100
AcDbBlockBegin
  2
im1Линия_1
 70
     0
 10
0.0
 20
0.0
 30
0.0
  3
im1Линия_1
  1

  0
POLYLINE
  5
6C
330
6A
100
AcDbEntity
  8
жесткий_слой
 62
   160
420
  3355647
370
    40
100
AcDb2dPolyline
 66
     1
 10
0.0
 20
0.0
 30
0.0
 70
   128
  0
VERTEX
  5
6D
330
6C
100
AcDbEntity
  8
жесткий_слой
 62
   160
420
  3355647
370
    40
100
AcDbVertex
100
AcDb2dVertex
 10
-32.8
 20
16.9
 30
0.0
  0
VERTEX
  5
6E
330
6C
100
AcDbEntity
  8
жесткий_слой
 62
   160
420
  3355647
370
    40
100
AcDbVertex
100
AcDb2dVertex
 10
-32.46150137517605
 20
17.19298503089368
 30
0.0
  0
VERTEX
  5
6F
330
6C
100
AcDbEntity
  8
жесткий_слой
 62
   160
420
  3355647
370
    40
100
AcDbVertex
100
AcDb2dVertex
 10
-32.12210396535415
 20
17.48019215822909
 30
0.0
  0
VERTEX
  5
70
330
6C
100
AcDbEntity
  8
жесткий_слой
 62
   160
420
  3355647
370
    40
100
AcDbVertex
100
AcDb2dVertex
 10
-31.78093111660589
 20
17.75598574960932
 30
0.0
  0
VERTEX
  5
71
330
6C
100
AcDbEntity
  8
жесткий_слой
 62
   160
420
  3355647
370
    40
100
AcDbVertex
100
AcDb2dVertex
 10
-31.43714989220157
 20
18.01501121177204
 30
0.0
  0
VERTEX
  5
72
330
6C
100
AcDbEntity
  8
жесткий_слой
 62
   160
420
  3355647
370
    40
100
AcDbVertex
100
AcDb2dVertex
 10
-31.08999158227686
 20
18.25232683844649
 30
0.0
  0
VERTEX
  5
73
330
6C
100
AcDbEntity
  8
жесткий_слой
 62
   160
420
  3355647
370
    40
100
AcDbVertex
100
AcDb2dVertex
 10
-30.73877063202082
 20
18.46352549156242
 30
0.0
  0
VERTEX
  5
74
330
6C
100
AcDbEntity
  8
жесткий_слой
 62
   160
420
  3355647
370
    40
100
AcDbVertex
100
AcDb2dVertex
 10
-30.38290152231061
 20
18.64484311961589
 30
0.0
  0
VERTEX
  5
75
330
6C
100
AcDbEntity
  8
жесткий_слой
 62
   160
420
  3355647
370
    40
100
AcDbVertex
100
AcDb2dVertex
 10
-30.02191318713553
 20
18.79325144110939
 30
0.0
  0
VERTEX
  5
76
330
6C
100
AcDbEntity
  8
жесткий_слой
 62
   160
420
  3355647
370
    40
100
AcDbVertex
100
AcDb2dVertex
 10
-29.65546061280553
 20
18.9065325108927
 30
0.0
  0
VERTEX
  5
77
330
6C
100
AcDbEntity
  8
жесткий_слой
 62
   160
420
  3355647
370
    40
100
AcDbVertex
100
AcDb2dVertex
 10
-29.28333333333333
 20
18.98333333333333
 30
0.0
  0
VERTEX
  5
78
330
6C
100
AcDbEntity
  8
жесткий_слой
 62
   160
420
  3355647
370
    40
100
AcDbVertex
100
AcDb2dVertex
 10
-28.90546061280553
 20
19.02319917755937
 30
0.0
  0
VERTEX
  5
79
330
6C
100
AcDbEntity
  8
жесткий_слой
 62
   160
420
  3355647
370
    40
100
AcDbVertex
100
AcDb2dVertex
 10
-28.52191318713553
 20
19.02658477444273
 30
0.0
  0
VERTEX
  5
7A
330
6C
100
AcDbEntity
  8
жесткий_слой
 62
   160
420
  3355647
370
    40
100
AcDbVertex
100
AcDb2dVertex
 10
-28.13290152231061
 20
18.99484311961588
 30
0.0
  0
VERTEX
  5
7B
330
6C
100
AcDbEntity
  8
жесткий_слой
 62
   160
420
  3355647
370
    40
100
AcDbVertex
100
AcDb2dVertex
 10
-27.73877063202082
 20
18.93019215822909
 30
0.0
  0
VERTEX
  5
7C
330
6C
100
AcDbEntity
  8
жесткий_слой
 62
   160
420
  3355647
370
    40
100
AcDbVertex
100
AcDb2dVertex
 10
-27.33999158227686
 20
18.83566017177982
 30
0.0
  0
VERTEX
  5
7D
330
6C
100
AcDbEntity
  8
жесткий_слой
 62
   160
420
  3355647
370
    40
100
AcDbVertex
100
AcDb2dVertex
 10
-26.93714989220157
 20
18.71501121177204
 30
0.0
  0
VERTEX
  5
7E
330
6C
100
AcDbEntity
  8
жесткий_слой
 62
   160
420
  3355647
370
    40
100
AcDbVertex
100
AcDb2dVertex
 10
-26.53093111660589
 20
18.57265241627599
 30
0.0
  0
VERTEX
  5
7F
330
6C
100
AcDbEntity
  8
жесткий_слой
 62
   160
420
  3355647
370
    40
100
AcDbVertex
100
AcDb2dVertex
 10
-26.12210396535415
 20
18.41352549156242
 30
0.0
  0
VERTEX
  5
80
330
6C
100
AcDbEntity
  8
жесткий_слой
 62
   160
420
  3355647
370
    40
100
AcDbVertex
100
AcDb2dVertex
 10
-25.71150137517605
 20
18.24298503089368
 30
0.0
  0
VERTEX
  5
81
330
6C
100
AcDbEntity
  8
жесткий_слой
 62
   160
420
  3355647
370
    40
100
AcDbVertex
100
AcDb2dVertex
 10
-25.29999999999999
 20
18.06666666666666
 30
0.0
  0
VERTEX
  5
82
330
6C
100
AcDbEntity
  8
жесткий_слой
 62
   160
420
  3355647
370
    40
100
AcDbVertex
100
AcDb2dVertex
 10
-24.88849862482394
 20
17.89034830243965
 30
0.0
  0
VERTEX
  5
83
330
6C
100
AcDbEntity
  8
жесткий_слой
 62
   160
420
  3355647
370
    40
100
AcDbVertex
100
AcDb2dVertex
 10
-24.47789603464584
 20
17.71980784177091
 30
0.0
  0
VERTEX
  5
84
330
6C
100
AcDbEntity
  8
жесткий_слой
 62
   160
420
  3355647
370
    40
100
AcDbVertex
100
AcDb2dVertex
 10
-24.0690688833941
 20
17.56068091705735
 30
0.0
  0
VERTEX
  5
85
330
6C
100
AcDbEntity
  8
жесткий_слой
 62
   160
420
  3355647
370
    40
100
AcDbVertex
100
AcDb2dVertex
 10
-23.66285010779842
 20
17.41832212156129
 30
0.0
  0
VERTEX
  5
86
330
6C
100
AcDbEntity
  8
жесткий_слой
 62
   160
420
  3355647
370
    40
100
AcDbVertex
100
AcDb2dVertex
 10
-23.26000841772314
 20
17.29767316155351
 30
0.0
  0
VERTEX
  5
87
330
6C
100
AcDbEntity
  8
жесткий_слой
 62
   160
420
  3355647
370
    40
100
AcDbVertex
100
AcDb2dVertex
 10
-22.86122936797918
 20
17.20314117510424
 30
0.0
  0
VERTEX
  5
88
330
6C
100
AcDbEntity
  8
жесткий_слой
 62
   160
420
  3355647
370
    40
100
AcDbVertex
100
AcDb2dVertex
 10
-22.46709847768938
 20
17.13849021371745
 30
0.0
  0
VERTEX
  5
89
330
6C
100
AcDbEntity
  8
жесткий_слой
 62
   160
420
  3355647
370
    40
100
AcDbVertex
100
AcDb2dVertex
 10
-22.07808681286446
 20
17.1067485588906
 30
0.0
  0
VERTEX
  5
8A
330
6C
100
AcDbEntity
  8
жесткий_слой
 62
   160
420
  3355647
370
    40
100
AcDbVertex
100
AcDb2dVertex
 10
-21.69453938719446
 20
17.11013415577396
 30
0.0
  0
VERTEX
  5
8B
330
6C
100
AcDbEntity
  8
жесткий_слой
 62
   160
420
  3355647
370
    40
100
AcDbVertex
100
AcDb2dVertex
 10
-21.31666666666666
 20
17.15
 30
0.0
  0
VERTEX
  5
8C
330
6C
100
AcDbEntity
  8
жесткий_слой
 62
   160
420
  3355647
370
    40
100
AcDbVertex
100
AcDb2dVertex
 10
-20.94453938719447
 20
17.22680082244062
 30
0.0
  0
VERTEX
  5
8D
330
6C
100
AcDbEntity
  8
жесткий_слой
 62
   160
420
  3355647
370
    40
100
AcDbVertex
100
AcDb2dVertex
 10
-20.57808681286447
 20
17.34008189222394
 30
0.0
  0
VERTEX
  5
8E
330
6C
100
AcDbEntity
  8
жесткий_слой
 62
   160
420
  3355647
370
    40
100
AcDbVertex
100
AcDb2dVertex
 10
-20.21709847768938
 20
17.48849021371744
 30
0.0
  0
VERTEX
  5
8F
330
6C
100
AcDbEntity
  8
жесткий_слой
 62
   160
420
  3355647
370
    40
100
AcDbVertex
100
AcDb2dVertex
 10
-19.86122936797918
 20
17.66980784177091
 30
0.0
  0
VERTEX
  5
90
330
6C
100
AcDbEntity
  8
жесткий_слой
 62
   160
420
  3355647
370
    40
100
AcDbVertex
100
AcDb2dVertex
 10
-19.51000841772314
 20
17.88100649488684
 30
0.0
  0
VERTEX
  5
91
330
6C
100
AcDbEntity
  8
жесткий_слой
 62
   160
420
  3355647
370
    40
100
AcDbVertex
100
AcDb2dVertex
 10
-19.16285010779843
 20
18.11832212156128
 30
0.0
  0
VERTEX
  5
92
330
6C
100
AcDbEntity
  8
жесткий_слой
 62
   160
420
  3355647
370
    40
100
AcDbVertex
100
AcDb2dVertex
 10
-18.81906888339411
 20
18.37734758372401
 30
0.0
  0
VERTEX
  5
93
330
6C
100
AcDbEntity
  8
жесткий_слой
 62
   160
420
  3355647
370
    40
100
AcDbVertex
100
AcDb2dVertex
 10
-18.47789603464585
 20
18.65314117510424
 30
0.0
  0
VERTEX
  5
94
330
6C
100
AcDbEntity
  8
жесткий_слой
 62
   160
420
  3355647
370
    40
100
AcDbVertex
100
AcDb2dVertex
 10
-18.13849862482395
 20
18.94034830243965
 30
0.0
  0
VERTEX
  5
95
330
6C
100
AcDbEntity
  8
жесткий_слой
 62
   160
420
  3355647
370
    40
100
AcDbVertex
100
AcDb2dVertex
 10
-17.8
 20
19.23333333333332
 30
0.0
  0
VERTEX
  5
96
330
6C
100
AcDbEntity
  8
жесткий_слой
 62
   160
420
  3355647
370
    40
100
AcDbVertex
100
AcDb2dVertex
 10
-17.46150137517606
 20
19.52631836422701
 30
0.0
  0
VERTEX
  5
97
330
6C
100
AcDbEntity
  8
жесткий_слой
 62
   160
420
  3355647
370
    40
100
AcDbVertex
100
AcDb2dVertex
 10
-17.12210396535416
 20
19.81352549156241
 30
0.0
  0
VERTEX
  5
98
330
6C
100
AcDbEntity
  8
жесткий_слой
 62
   160
420
  3355647
370
    40
100
AcDbVertex
100
AcDb2dVertex
 10
-16.7809311166059
 20
20.08931908294265
 30
0.0
  0
VERTEX
  5
99
330
6C
100
AcDbEntity
  8
жесткий_слой
 62
   160
420
  3355647
370
    40
100
AcDbVertex
100
AcDb2dVertex
 10
-16.43714989220158
 20
20.34834454510537
 30
0.0
  0
VERTEX
  5
9A
330
6C
100
AcDbEntity
  8
жесткий_слой
 62
   160
420
  3355647
370
    40
100
AcDbVertex
100
AcDb2dVertex
 10
-16.08999158227687
 20
20.58566017177982
 30
0.0
  0
VERTEX
  5
9B
330
6C
100
AcDbEntity
  8
жесткий_слой
 62
   160
420
  3355647
370
    40
100
AcDbVertex
100
AcDb2dVertex
 10
-15.73877063202083
 20
20.79685882489575
 30
0.0
  0
VERTEX
  5
9C
330
6C
100
AcDbEntity
  8
жесткий_слой
 62
   160
420
  3355647
370
    40
100
AcDbVertex
100
AcDb2dVertex
 10
-15.38290152231062
 20
20.97817645294922
 30
0.0
  0
VERTEX
  5
9D
330
6C
100
AcDbEntity
  8
жесткий_слой
 62
   160
420
  3355647
370
    40
100
AcDbVertex
100
AcDb2dVertex
 10
-15.02191318713554
 20
21.12658477444273
 30
0.0
  0
VERTEX
  5
9E
330
6C
100
AcDbEntity
  8
жесткий_слой
 62
   160
420
  3355647
370
    40
100
AcDbVertex
100
AcDb2dVertex
 10
-14.65546061280553
 20
21.23986584422604
 30
0.0
  0
VERTEX
  5
9F
330
6C
100
AcDbEntity
  8
жесткий_слой
 62
   160
420
  3355647
370
    40
100
AcDbVertex
100
AcDb2dVertex
 10
-14.28333333333333
 20
21.31666666666667
 30
0.0
  0
VERTEX
  5
A0
330
6C
100
AcDbEntity
  8
жесткий_слой
 62
   160
420
  3355647
370
    40
100
AcDbVertex
100
AcDb2dVertex
 10
-13.90546061280553
 20
21.35653251089271
 30
0.0
  0
VERTEX
  5
A1
330
6C
100
AcDbEntity
  8
жесткий_слой
 62
   160
420
  3355647
370
    40
100
AcDbVertex
100
AcDb2dVertex
 10
-13.52191318713553
 20
21.35991810777606
 30
0.0
  0
VERTEX
  5
A2
330
6C
100
AcDbEntity
  8
жесткий_слой
 62
   160
420
  3355647
370
    40
100
AcDbVertex
100
AcDb2dVertex
 10
-13.13290152231061
 20
21.32817645294922
 30
0.0
  0
VERTEX
  5
A3
330
6C
100
AcDbEntity
  8
жесткий_слой
 62
   160
420
  3355647
370
    40
100
AcDbVertex
100
AcDb2dVertex
 10
-12.73877063202081
 20
21.26352549156242
 30
0.0
  0
VERTEX
  5
A4
330
6C
100
AcDbEntity
  8
жесткий_слой
 62
   160
420
  3355647
370
    40
100
AcDbVertex
100
AcDb2dVertex
 10
-12.33999158227685
 20
21.16899350511315
 30
0.0
  0
VERTEX
  5
A5
330
6C
100
AcDbEntity
  8
жесткий_слой
 62
   160
420
  3355647
370
    40
100
AcDbVertex
100
AcDb2dVertex
 10
-11.93714989220157
 20
21.04834454510538
 30
0.0
  0
VERTEX
  5
A6
330
6C
100
AcDbEntity
  8
жесткий_слой
 62
   160
420
  3355647
370
    40
100
AcDbVertex
100
AcDb2dVertex
 10
-11.53093111660588
 20
20.90598574960932
 30
0.0
  0
VERTEX
  5
A7
330
6C
100
AcDbEntity
  8
жесткий_слой
 62
   160
420
  3355647
370
    40
100
AcDbVertex
100
AcDb2dVertex
 10
-11.12210396535414
 20
20.74685882489575
 30
0.0
  0
VERTEX
  5
A8
330
6C
100
AcDbEntity
  8
жесткий_слой
 62
   160
420
  3355647
370
    40
100
AcDbVertex
100
AcDb2dVertex
 10
-10.71150137517604
 20
20.57631836422701
 30
0.0
  0
VERTEX
  5
A9
330
6C
100
AcDbEntity
  8
жесткий_слой
 62
   160
420
  3355647
370
    40
100
AcDbVertex
100
AcDb2dVertex
 10
-10.29999999999999
 20
20.4
 30
0.0
  0
VERTEX
  5
AA
330
6C
100
AcDbEntity
  8
жесткий_слой
 62
   160
420
  3355647
370
    40
100
AcDbVertex
100
AcDb2dVertex
 10
-9.888498624823931
 20
20.22368163577298
 30
0.0
  0
VERTEX
  5
AB
330
6C
100
AcDbEntity
  8
жесткий_слой
 62
   160
420
  3355647
370
    40
100
AcDbVertex
100
AcDb2dVertex
 10
-9.47789603464583
 20
20.05314117510424
 30
0.0
  0
VERTEX
  5
AC
330
6C
100
AcDbEntity
  8
жесткий_слой
 62
   160
420
  3355647
370
    40
100
AcDbVertex
100
AcDb2dVertex
 10
-9.069068883394088
 20
19.89401425039068
 30
0.0
  0
VERTEX
  5
AD
330
6C
100
AcDbEntity
  8
жесткий_слой
 62
   160
420
  3355647
370
    40
100
AcDbVertex
100
AcDb2dVertex
 10
-8.662850107798405
 20
19.75165545489462
 30
0.0
  0
VERTEX
  5
AE
330
6C
100
AcDbEntity
  8
жесткий_слой
 62
   160
420
  3355647
370
    40
100
AcDbVertex
100
AcDb2dVertex
 10
-8.260008417723121
 20
19.63100649488684
 30
0.0
  0
VERTEX
  5
AF
330
6C
100
AcDbEntity
  8
жесткий_слой
 62
   160
420
  3355647
370
    40
100
AcDbVertex
100
AcDb2dVertex
 10
-7.861229367979157
 20
19.53647450843757
 30
0.0
  0
VERTEX
  5
B0
330
6C
100
AcDbEntity
  8
жесткий_слой
 62
   160
420
  3355647
370
    40
100
AcDbVertex
100
AcDb2dVertex
 10
-7.467098477689359
 20
19.47182354705078
 30
0.0
  0
VERTEX
  5
B1
330
6C
100
AcDbEntity
  8
жесткий_слой
 62
   160
420
  3355647
370
    40
100
AcDbVertex
100
AcDb2dVertex
 10
-7.078086812864443
 20
19.44008189222393
 30
0.0
  0
VERTEX
  5
B2
330
6C
100
AcDbEntity
  8
жесткий_слой
 62
   160
420
  3355647
370
    40
100
AcDbVertex
100
AcDb2dVertex
 10
-6.694539387194447
 20
19.44346748910729
 30
0.0
  0
VERTEX
  5
B3
330
6C
100
AcDbEntity
  8
жесткий_слой
 62
   160
420
  3355647
370
    40
100
AcDbVertex
100
AcDb2dVertex
 10
-6.316666666666642
 20
19.48333333333333
 30
0.0
  0
VERTEX
  5
B4
330
6C
100
AcDbEntity
  8
жесткий_слой
 62
   160
420
  3355647
370
    40
100
AcDbVertex
100
AcDb2dVertex
 10
-5.944539387194444
 20
19.56013415577397
 30
0.0
  0
VERTEX
  5
B5
330
6C
100
AcDbEntity
  8
жесткий_слой
 62
   160
420
  3355647
370
    40
100
AcDbVertex
100
AcDb2dVertex
 10
-5.578086812864441
 20
19.67341522555728
 30
0.0
  0
VERTEX
  5
B6
330
6C
100
AcDbEntity
  8
жесткий_слой
 62
   160
420
  3355647
370
    40
100
AcDbVertex
100
AcDb2dVertex
 10
-5.217098477689354
 20
19.82182354705079
 30
0.0
  0
VERTEX
  5
B7
330
6C
100
AcDbEntity
  8
жесткий_слой
 62
   160
420
  3355647
370
    40
100
AcDbVertex
100
AcDb2dVertex
 10
-4.861229367979153
 20
20.00314117510426
 30
0.0
  0
VERTEX
  5
B8
330
6C
100
AcDbEntity
  8
жесткий_слой
 62
   160
420
  3355647
370
    40
100
AcDbVertex
100
AcDb2dVertex
 10
-4.510008417723113
 20
20.21433982822019
 30
0.0
  0
VERTEX
  5
B9
330
6C
100
AcDbEntity
  8
жесткий_слой
 62
   160
420
  3355647
370
    40
100
AcDbVertex
100
AcDb2dVertex
 10
-4.162850107798394
 20
20.45165545489464
 30
0.0
  0
VERTEX
  5
BA
330
6C
100
AcDbEntity
  8
жесткий_слой
 62
   160
420
  3355647
370
    40
100
AcDbVertex
100
AcDb2dVertex
 10
-3.819068883394077
 20
20.71068091705736
 30
0.0
  0
VERTEX
  5
BB
330
6C
100
AcDbEntity
  8
жесткий_слой
 62
   160
420
  3355647
370
    40
100
AcDbVertex
100
AcDb2dVertex
 10
-3.477896034645817
 20
20.9864745084376
 30
0.0
  0
VERTEX
  5
BC
330
6C
100
AcDbEntity
  8
жесткий_слой
 62
   160
420
  3355647
370
    40
100
AcDbVertex
100
AcDb2dVertex
 10
-3.138498624823914
 20
21.27368163577301
 30
0.0
  0
VERTEX
  5
BD
330
6C
100
AcDbEntity
  8
жесткий_слой
 62
   160
420
  3355647
370
    40
100
AcDbVertex
100
AcDb2dVertex
 10
-2.799999999999968
 20
21.56666666666669
 30
0.0
  0
VERTEX
  5
BE
330
6C
100
AcDbEntity
  8
жесткий_слой
 62
   160
420
  3355647
370
    40
100
AcDbVertex
100
AcDb2dVertex
 10
-2.461501375176022
 20
21.85965169756037
 30
0.0
  0
VERTEX
  5
BF
330
6C
100
AcDbEntity
  8
жесткий_слой
 62
   160
420
  3355647
370
    40
100
AcDbVertex
100
AcDb2dVertex
 10
-2.122103965354122
 20
22.14685882489578
 30
0.0
  0
VERTEX
  5
C0
330
6C
100
AcDbEntity
  8
жесткий_слой
 62
   160
420
  3355647
370
    40
100
AcDbVertex
100
AcDb2dVertex
 10
-1.780931116605859
 20
22.42265241627601
 30
0.0
  0
VERTEX
  5
C1
330
6C
100
AcDbEntity
  8
жесткий_слой
 62
   160
420
  3355647
370
    40
100
AcDbVertex
100
AcDb2dVertex
 10
-1.437149892201542
 20
22.68167787843873
 30
0.0
  0
VERTEX
  5
C2
330
6C
100
AcDbEntity
  8
жесткий_слой
 62
   160
420
  3355647
370
    40
100
AcDbVertex
100
AcDb2dVertex
 10
-1.089991582276825
 20
22.91899350511317
 30
0.0
  0
VERTEX
  5
C3
330
6C
100
AcDbEntity
  8
жесткий_слой
 62
   160
420
  3355647
370
    40
100
AcDbVertex
100
AcDb2dVertex
 10
-0.7387706320207849
 20
23.13019215822911
 30
0.0
  0
VERTEX
  5
C4
330
6C
100
AcDbEntity
  8
жесткий_слой
 62
   160
420
  3355647
370
    40
100
AcDbVertex
100
AcDb2dVertex
 10
-0.3829015223105826
 20
23.31150978628257
 30
0.0
  0
VERTEX
  5
C5
330
6C
100
AcDbEntity
  8
жесткий_слой
 62
   160
420
  3355647
370
    40
100
AcDbVertex
100
AcDb2dVertex
 10
-0.0219131871354916
 20
23.45991810777608
 30
0.0
  0
VERTEX
  5
C6
330
6C
100
AcDbEntity
  8
жесткий_слой
 62
   160
420
  3355647
370
    40
100
AcDbVertex
100
AcDb2dVertex
 10
0.3445393871945127
 20
23.57319917755938
 30
0.0
  0
VERTEX
  5
C7
330
6C
100
AcDbEntity
  8
жесткий_слой
 62
   160
420
  3355647
370
    40
100
AcDbVertex
100
AcDb2dVertex
 10
0.7166666666667121
 20
23.65000000000001
 30
0.0
  0
VERTEX
  5
C8
330
6C
100
AcDbEntity
  8
жесткий_слой
 62
   160
420
  3355647
370
    40
100
AcDbVertex
100
AcDb2dVertex
 10
1.094539387194514
 20
23.68986584422604
 30
0.0
  0
VERTEX
  5
C9
330
6C
100
AcDbEntity
  8
жесткий_слой
 62
   160
420
  3355647
370
    40
100
AcDbVertex
100
AcDb2dVertex
 10
1.478086812864511
 20
23.6932514411094
 30
0.0
  0
VERTEX
  5
CA
330
6C
100
AcDbEntity
  8
жесткий_слой
 62
   160
420
  3355647
370
    40
100
AcDbVertex
100
AcDb2dVertex
 10
1.867098477689428
 20
23.66150978628255
 30
0.0
  0
VERTEX
  5
CB
330
6C
100
AcDbEntity
  8
жесткий_слой
 62
   160
420
  3355647
370
    40
100
AcDbVertex
100
AcDb2dVertex
 10
2.261229367979234
 20
23.59685882489574
 30
0.0
  0
VERTEX
  5
CC
330
6C
100
AcDbEntity
  8
жесткий_слой
 62
   160
420
  3355647
370
    40
100
AcDbVertex
100
AcDb2dVertex
 10
2.660008417723195
 20
23.50232683844647
 30
0.0
  0
VERTEX
  5
CD
330
6C
100
AcDbEntity
  8
жесткий_слой
 62
   160
420
  3355647
370
    40
100
AcDbVertex
100
AcDb2dVertex
 10
3.06285010779848
 20
23.38167787843869
 30
0.0
  0
VERTEX
  5
CE
330
6C
100
AcDbEntity
  8
жесткий_слой
 62
   160
420
  3355647
370
    40
100
AcDbVertex
100
AcDb2dVertex
 10
3.469068883394163
 20
23.23931908294263
 30
0.0
  0
VERTEX
  5
CF
330
6C
100
AcDbEntity
  8
жесткий_слой
 62
   160
420
  3355647
370
    40
100
AcDbVertex
100
AcDb2dVertex
 10
3.877896034645903
 20
23.08019215822907
 30
0.0
  0
VERTEX
  5
D0
330
6C
100
AcDbEntity
  8
жесткий_слой
 62
   160
420
  3355647
370
    40
100
AcDbVertex
100
AcDb2dVertex
 10
4.288498624824004
 20
22.90965169756032
 30
0.0
  0
VERTEX
  5
D1
330
6C
100
AcDbEntity
  8
жесткий_слой
 62
   160
420
  3355647
370
    40
100
AcDbVertex
100
AcDb2dVertex
 10
4.700000000000058
 20
22.73333333333331
 30
0.0
  0
VERTEX
  5
D2
330
6C
100
AcDbEntity
  8
жесткий_слой
 62
   160
420
  3355647
370
    40
100
AcDbVertex
100
AcDb2dVertex
 10
5.111501375176119
 20
22.55701496910629
 30
0.0
  0
VERTEX
  5
D3
330
6C
100
AcDbEntity
  8
жесткий_слой
 62
   160
420
  3355647
370
    40
100
AcDbVertex
100
AcDb2dVertex
 10
5.522103965354219
 20
22.38647450843755
 30
0.0
  0
VERTEX
  5
D4
330
6C
100
AcDbEntity
  8
жесткий_слой
 62
   160
420
  3355647
370
    40
100
AcDbVertex
100
AcDb2dVertex
 10
5.930931116605959
 20
22.22734758372399
 30
0.0
  0
VERTEX
  5
D5
330
6C
100
AcDbEntity
  8
жесткий_слой
 62
   160
420
  3355647
370
    40
100
AcDbVertex
100
AcDb2dVertex
 10
6.337149892201642
 20
22.08498878822794
 30
0.0
  0
VERTEX
  5
D6
330
6C
100
AcDbEntity
  8
жесткий_слой
 62
   160
420
  3355647
370
    40
100
AcDbVertex
100
AcDb2dVertex
 10
6.739991582276925
 20
21.96433982822016
 30
0.0
  0
VERTEX
  5
D7
330
6C
100
AcDbEntity
  8
жесткий_слой
 62
   160
420
  3355647
370
    40
100
AcDbVertex
100
AcDb2dVertex
 10
7.138770632020885
 20
21.8698078417709
 30
0.0
  0
VERTEX
  5
D8
330
6C
100
AcDbEntity
  8
жесткий_слой
 62
   160
420
  3355647
370
    40
100
AcDbVertex
100
AcDb2dVertex
 10
7.532901522310689
 20
21.80515688038411
 30
0.0
  0
VERTEX
  5
D9
330
6C
100
AcDbEntity
  8
жесткий_слой
 62
   160
420
  3355647
370
    40
100
AcDbVertex
100
AcDb2dVertex
 10
7.921913187135605
 20
21.77341522555727
 30
0.0
  0
VERTEX
  5
DA
330
6C
100
AcDbEntity
  8
жесткий_слой
 62
   160
420
  3355647
370
    40
100
AcDbVertex
100
AcDb2dVertex
 10
8.3054606128056
 20
21.77680082244063
 30
0.0
  0
VERTEX
  5
DB
330
6C
100
AcDbEntity
  8
жесткий_слой
 62
   160
420
  3355647
370
    40
100
AcDbVertex
100
AcDb2dVertex
 10
8.6833333333334
 20
21.81666666666668
 30
0.0
  0
VERTEX
  5
DC
330
6C
100
AcDbEntity
  8
жесткий_слой
 62
   160
420
  3355647
370
    40
100
AcDbVertex
100
AcDb2dVertex
 10
9.055460612805598
 20
21.89346748910731
 30
0.0
  0
VERTEX
  5
DD
330
6C
100
AcDbEntity
  8
жесткий_слой
 62
   160
420
  3355647
370
    40
100
AcDbVertex
100
AcDb2dVertex
 10
9.421913187135601
 20
22.00674855889062
 30
0.0
  0
VERTEX
  5
DE
330
6C
100
AcDbEntity
  8
жесткий_слой
 62
   160
420
  3355647
370
    40
100
AcDbVertex
100
AcDb2dVertex
 10
9.782901522310683
 20
22.15515688038414
 30
0.0
  0
VERTEX
  5
DF
330
6C
100
AcDbEntity
  8
жесткий_слой
 62
   160
420
  3355647
370
    40
100
AcDbVertex
100
AcDb2dVertex
 10
10.13877063202089
 20
22.33647450843761
 30
0.0
  0
VERTEX
  5
E0
330
6C
100
AcDbEntity
  8
жесткий_слой
 62
   160
420
  3355647
370
    40
100
AcDbVertex
100
AcDb2dVertex
 10
10.48999158227693
 20
22.54767316155355
 30
0.0
  0
VERTEX
  5
E1
330
6C
100
AcDbEntity
  8
жесткий_слой
 62
   160
420
  3355647
370
    40
100
AcDbVertex
100
AcDb2dVertex
 10
10.83714989220165
 20
22.784988788228
 30
0.0
  0
VERTEX
  5
E2
330
6C
100
AcDbEntity
  8
жесткий_слой
 62
   160
420
  3355647
370
    40
100
AcDbVertex
100
AcDb2dVertex
 10
11.18093111660596
 20
23.04401425039073
 30
0.0
  0
VERTEX
  5
E3
330
6C
100
AcDbEntity
  8
жесткий_слой
 62
   160
420
  3355647
370
    40
100
AcDbVertex
100
AcDb2dVertex
 10
11.52210396535422
 20
23.31980784177097
 30
0.0
  0
VERTEX
  5
E4
330
6C
100
AcDbEntity
  8
жесткий_слой
 62
   160
420
  3355647
370
    40
100
AcDbVertex
100
AcDb2dVertex
 10
12.2
 20
23.9
 30
0.0
  0
SEQEND
  5
E5
330
6C
100
AcDbEntity
  8
жесткий_слой
 62
   160
420
  3355647
370
    40
  0
ENDBLK
  5
E7
330
6A
100
AcDbEntity
  8
0
100
AcDbBlockEnd
  0
BLOCK
  5
1DF
330
EA
100
AcDbEntity
  8
0
100
AcDbBlockBegin
  2
im2Линия_3
 70
     0
 10
0.0
 20
0.0
 30
0.0
  3
im2Линия_3
  1

  0
POLYLINE
  5
EC
330
EA
100
AcDbEntity
  8
0
 62
     0
370
    40
100
AcDb2dPolyline
 66
     1
 10
0.0
 20
0.0
 30
0.0
 70
   128
  0
VERTEX
  5
ED
330
EC
100
AcDbEntity
  8
0
 62
     0
370
    40
100
AcDbVertex
100
AcDb2dVertex
 10
-20.27
 20
-22.1
 30
0.0
  0
VERTEX
  5
EE
330
EC
100
AcDbEntity
  8
0
 62
     0
370
    40
100
AcDbVertex
100
AcDb2dVertex
 10
-20.27
 20
-22.1
 30
0.0
  0
VERTEX
  5
EF
330
EC
100
AcDbEntity
  8
0
 62
     0
370
    40
100
AcDbVertex
100
AcDb2dVertex
 10
-20.69713669453511
 20
-21.46571581119438
 30
0.0
  0
VERTEX
  5
F0
330
EC
100
AcDbEntity
  8
0
 62
     0
370
    40
100
AcDbVertex
100
AcDb2dVertex
 10
-20.69713669453511
 20
-21.46571581119438
 30
0.0
  0
VERTEX
  5
F1
330
EC
100
AcDbEntity
  8
0
 62
     0
370
    40
100
AcDbVertex
100
AcDb2dVertex
 10
-21.14514441335134
 20
-20.8750253164334
 30
0.0
  0
VERTEX
  5
F2
330
EC
100
AcDbEntity
  8
0
 62
     0
370
    40
100
AcDbVertex
100
AcDb2dVertex
 10
-21.14514441335134
 20
-20.8750253164334
 30
0.0
  0
VERTEX
  5
F3
330
EC
100
AcDbEntity
  8
0
 62
     0
370
    40
100
AcDbVertex
100
AcDb2dVertex
 10
-21.60099387546494
 20
-20.32625168277446
 30
0.0
  0
VERTEX
  5
F4
330
EC
100
AcDbEntity
  8
0
 62
     0
370
    40
100
AcDbVertex
100
AcDb2dVertex
 10
-21.60099387546494
 20
-20.32625168277446
 30
0.0
  0
VERTEX
  5
F5
330
EC
100
AcDbEntity
  8
0
 62
     0
370
    40
100
AcDbVertex
100
AcDb2dVertex
 10
-22.05261434452358
 20
-19.81557265813022
 30
0.0
  0
VERTEX
  5
F6
330
EC
100
AcDbEntity
  8
0
 62
     0
370
    40
100
AcDbVertex
100
AcDb2dVertex
 10
-22.05261434452358
 20
-19.81557265813022
 30
0.0
  0
VERTEX
  5
F7
330
EC
100
AcDbEntity
  8
0
 62
     0
370
    40
100
AcDbVertex
100
AcDb2dVertex
 10
-22.48936396411538
 20
-19.33727340073349
 30
0.0
  0
VERTEX
  5
F8
330
EC
100
AcDbEntity
  8
0
 62
     0
370
    40
100
AcDbVertex
100
AcDb2dVertex
 10
-22.48936396411538
 20
-19.33727340073349
 30
0.0
  0
VERTEX
  5
F9
330
EC
100
AcDbEntity
  8
0
 62
     0
370
    40
100
AcDbVertex
100
AcDb2dVertex
 10
-22.90243542949696
 20
-18.88408632630658
 30
0.0
  0
VERTEX
  5
FA
330
EC
100
AcDbEntity
  8
0
 62
     0
370
    40
100
AcDbVertex
100
AcDb2dVertex
 10
-22.90243542949696
 20
-18.88408632630658
 30
0.0
  0
VERTEX
  5
FB
330
EC
100
AcDbEntity
  8
0
 62
     0
370
    40
100
AcDbVertex
100
AcDb2dVertex
 10
-23.28517980678104
 20
-18.44760272799452
 30
0.0
  0
VERTEX
  5
FC
330
EC
100
AcDbEntity
  8
0
 62
     0
370
    40
100
AcDbVertex
100
AcDb2dVertex
 10
-23.28517980678104
 20
-18.44760272799452
 30
0.0
  0
VERTEX
  5
FD
330
EC
100
AcDbEntity
  8
0
 62
     0
370
    40
100
AcDbVertex
100
AcDb2dVertex
 10
-23.63333487532456
 20
-18.01873773787715
 30
0.0
  0
VERTEX
  5
FE
330
EC
100
AcDbEntity
  8
0
 62
     0
370
    40
100
AcDbVertex
100
AcDb2dVertex
 10
-23.63333487532456
 20
-18.01873773787715
 30
0.0
  0
VERTEX
  5
FF
330
EC
100
AcDbEntity
  8
0
 62
     0
370
    40
100
AcDbVertex
100
AcDb2dVertex
 10
-23.94514852380531
 20
-17.58822782138549
 30
0.0
  0
VERTEX
  5
100
330
EC
100
AcDbEntity
  8
0
 62
     0
370
    40
100
AcDbVertex
100
AcDb2dVertex
 10
-23.94514852380531
 20
-17.58822782138549
 30
0.0
  0
VERTEX
  5
101
330
EC
100
AcDbEntity
  8
0
 62
     0
370
    40
100
AcDbVertex
100
AcDb2dVertex
 10
-24.22139229396645
 20
-17.14713853164934
 30
0.0
  0
VERTEX
  5
102
330
EC
100
AcDbEntity
  8
0
 62
     0
370
    40
100
AcDbVertex
100
AcDb2dVertex
 10
-24.22139229396645
 20
-17.14713853164934
 30
0.0
  0
VERTEX
  5
103
330
EC
100
AcDbEntity
  8
0
 62
     0
370
    40
100
AcDbVertex
100
AcDb2dVertex
 10
-24.46526493913463
 20
-16.68735976418452
 30
0.0
  0
VERTEX
  5
104
330
EC
100
AcDbEntity
  8
0
 62
     0
370
    40
100
AcDbVertex
100
AcDb2dVertex
 10
-24.46526493913463
 20
-16.68735976418452
 30
0.0
  0
VERTEX
  5
105
330
EC
100
AcDbEntity
  8
0
 62
     0
370
    40
100
AcDbVertex
100
AcDb2dVertex
 10
-24.68219063915714
 20
-16.20206626510765
 30
0.0
  0
VERTEX
  5
106
330
EC
100
AcDbEntity
  8
0
 62
     0
370
    40
100
AcDbVertex
100
AcDb2dVertex
 10
-24.68219063915714
 20
-16.20206626510765
 30
0.0
  0
VERTEX
  5
107
330
EC
100
AcDbEntity
  8
0
 62
     0
370
    40
100
AcDbVertex
100
AcDb2dVertex
 10
-24.87952108112079
 20
-15.68612263623397
 30
0.0
  0
VERTEX
  5
108
330
EC
100
AcDbEntity
  8
0
 62
     0
370
    40
100
AcDbVertex
100
AcDb2dVertex
 10
-24.87952108112079
 20
-15.68612263623397
 30
0.0
  0
VERTEX
  5
109
330
EC
100
AcDbEntity
  8
0
 62
     0
370
    40
100
AcDbVertex
100
AcDb2dVertex
 10
-25.06615477695223
 20
-15.13641448319427
 30
0.0
  0
VERTEX
  5
10A
330
EC
100
AcDbEntity
  8
0
 62
     0
370
    40
100
AcDbVertex
100
AcDb2dVertex
 10
-25.06615477695223
 20
-15.13641448319427
 30
0.0
  0
VERTEX
  5
10B
330
EC
100
AcDbEntity
  8
0
 62
     0
370
    40
100
AcDbVertex
100
AcDb2dVertex
 10
-25.25209056338189
 20
-14.5520905633819
 30
0.0
  0
VERTEX
  5
10C
330
EC
100
AcDbEntity
  8
0
 62
     0
370
    40
100
AcDbVertex
100
AcDb2dVertex
 10
-25.25209056338189
 20
-14.5520905633819
 30
0.0
  0
VERTEX
  5
10D
330
EC
100
AcDbEntity
  8
0
 62
     0
370
    40
100
AcDbVertex
100
AcDb2dVertex
 10
-25.4479350611028
 20
-13.93470466902385
 30
0.0
  0
VERTEX
  5
10E
330
EC
100
AcDbEntity
  8
0
 62
     0
370
    40
100
AcDbVertex
100
AcDb2dVertex
 10
-25.4479350611028
 20
-13.93470466902385
 30
0.0
  0
VERTEX
  5
10F
330
EC
100
AcDbEntity
  8
0
 62
     0
370
    40
100
AcDbVertex
100
AcDb2dVertex
 10
-25.66438583509525
 20
-13.2882503576279
 30
0.0
  0
VERTEX
  5
110
330
EC
100
AcDbEntity
  8
0
 62
     0
370
    40
100
AcDbVertex
100
AcDb2dVertex
 10
-25.66438583509525
 20
-13.2882503576279
 30
0.0
  0
VERTEX
  5
111
330
EC
100
AcDbEntity
  8
0
 62
     0
370
    40
100
AcDbVertex
100
AcDb2dVertex
 10
-25.91171301171418
 20
-12.61908632630658
 30
0.0
  0
VERTEX
  5
112
330
EC
100
AcDbEntity
  8
0
 62
     0
370
    40
100
AcDbVertex
100
AcDb2dVertex
 10
-25.91171301171418
 20
-12.61908632630658
 30
0.0
  0
VERTEX
  5
113
330
EC
100
AcDbEntity
  8
0
 62
     0
370
    40
100
AcDbVertex
100
AcDb2dVertex
 10
-26.19926212654308
 20
-11.93575501333972
 30
0.0
  0
VERTEX
  5
114
330
EC
100
AcDbEntity
  8
0
 62
     0
370
    40
100
AcDbVertex
100
AcDb2dVertex
 10
-26.19926212654308
 20
-11.93575501333972
 30
0.0
  0
VERTEX
  5
115
330
EC
100
AcDbEntity
  8
0
 62
     0
370
    40
100
AcDbVertex
100
AcDb2dVertex
 10
-26.53499999999999
 20
-11.24870169058099
 30
0.0
  0
VERTEX
  5
116
330
EC
100
AcDbEntity
  8
0
 62
     0
370
    40
100
AcDbVertex
100
AcDb2dVertex
 10
-26.53499999999999
 20
-11.24870169058099
 30
0.0
  0
VERTEX
  5
117
330
EC
100
AcDbEntity
  8
0
 62
     0
370
    40
100
AcDbVertex
100
AcDb2dVertex
 10
-26.92512350853492
 20
-10.56990567930541
 30
0.0
  0
VERTEX
  5
118
330
EC
100
AcDbEntity
  8
0
 62
     0
370
    40
100
AcDbVertex
100
AcDb2dVertex
 10
-26.92512350853492
 20
-10.56990567930541
 30
0.0
  0
VERTEX
  5
119
330
EC
100
AcDbEntity
  8
0
 62
     0
370
    40
100
AcDbVertex
100
AcDb2dVertex
 10
-27.37374832288328
 20
-9.912439188736457
 30
0.0
  0
VERTEX
  5
11A
330
EC
100
AcDbEntity
  8
0
 62
     0
370
    40
100
AcDbVertex
100
AcDb2dVertex
 10
-27.37374832288328
 20
-9.912439188736457
 30
0.0
  0
VERTEX
  5
11B
330
EC
100
AcDbEntity
  8
0
 62
     0
370
    40
100
AcDbVertex
100
AcDb2dVertex
 10
-27.88269114402508
 20
-9.289972471577778
 30
0.0
  0
VERTEX
  5
11C
330
EC
100
AcDbEntity
  8
0
 62
     0
370
    40
100
AcDbVertex
100
AcDb2dVertex
 10
-27.88269114402508
 20
-9.289972471577778
 30
0.0
  0
VERTEX
  5
11D
330
EC
100
AcDbEntity
  8
0
 62
     0
370
    40
100
AcDbVertex
100
AcDb2dVertex
 10
-28.45135483754302
 20
-8.716246374489396
 30
0.0
  0
VERTEX
  5
11E
330
EC
100
AcDbEntity
  8
0
 62
     0
370
    40
100
AcDbVertex
100
AcDb2dVertex
 10
-28.45135483754302
 20
-8.716246374489396
 30
0.0
  0
VERTEX
  5
11F
330
EC
100
AcDbEntity
  8
0
 62
     0
370
    40
100
AcDbVertex
100
AcDb2dVertex
 10
-29.07672132899733
 20
-8.204534829080576
 30
0.0
  0
VERTEX
  5
120
330
EC
100
AcDbEntity
  8
0
 62
     0
370
    40
100
AcDbVertex
100
AcDb2dVertex
 10
-29.07672132899733
 20
-8.204534829080576
 30
0.0
  0
VERTEX
  5
121
330
EC
100
AcDbEntity
  8
0
 62
     0
370
    40
100
AcDbVertex
100
AcDb2dVertex
 10
-29.75345237556221
 20
-7.767120316109994
 30
0.0
  0
VERTEX
  5
122
330
EC
100
AcDbEntity
  8
0
 62
     0
370
    40
100
AcDbVertex
100
AcDb2dVertex
 10
-29.75345237556221
 20
-7.767120316109994
 30
0.0
  0
VERTEX
  5
123
330
EC
100
AcDbEntity
  8
0
 62
     0
370
    40
100
AcDbVertex
100
AcDb2dVertex
 10
-30.47409358043155
 20
-7.414804820457366
 30
0.0
  0
VERTEX
  5
124
330
EC
100
AcDbEntity
  8
0
 62
     0
370
    40
100
AcDbVertex
100
AcDb2dVertex
 10
-30.47409358043155
 20
-7.414804820457366
 30
0.0
  0
VERTEX
  5
125
330
EC
100
AcDbEntity
  8
0
 62
     0
370
    40
100
AcDbVertex
100
AcDb2dVertex
 10
-31.22937247434517
 20
-7.156477299086276
 30
0.0
  0
VERTEX
  5
126
330
EC
100
AcDbEntity
  8
0
 62
     0
370
    40
100
AcDbVertex
100
AcDb2dVertex
 10
-31.22937247434517
 20
-7.156477299086276
 30
0.0
  0
VERTEX
  5
127
330
EC
100
AcDbEntity
  8
0
 62
     0
370
    40
100
AcDbVertex
100
AcDb2dVertex
 10
-32.00857735188114
 20
-6.998756273480371
 30
0.0
  0
VERTEX
  5
128
330
EC
100
AcDbEntity
  8
0
 62
     0
370
    40
100
AcDbVertex
100
AcDb2dVertex
 10
-32.00857735188114
 20
-6.998756273480371
 30
0.0
  0
VERTEX
  5
129
330
EC
100
AcDbEntity
  8
0
 62
     0
370
    40
100
AcDbVertex
100
AcDb2dVertex
 10
-32.79999999999999
 20
-6.945722936701326
 30
0.0
  0
VERTEX
  5
12A
330
EC
100
AcDbEntity
  8
0
 62
     0
370
    40
100
AcDbVertex
100
AcDb2dVertex
 10
-32.79999999999999
 20
-6.945722936701326
 30
0.0
  0
VERTEX
  5
12B
330
EC
100
AcDbEntity
  8
0
 62
     0
370
    40
100
AcDbVertex
100
AcDb2dVertex
 10
-33.59142264811884
 20
-6.998756273480367
 30
0.0
  0
VERTEX
  5
12C
330
EC
100
AcDbEntity
  8
0
 62
     0
370
    40
100
AcDbVertex
100
AcDb2dVertex
 10
-33.59142264811884
 20
-6.998756273480367
 30
0.0
  0
VERTEX
  5
12D
330
EC
100
AcDbEntity
  8
0
 62
     0
370
    40
100
AcDbVertex
100
AcDb2dVertex
 10
-34.3706275256548
 20
-7.156477299086273
 30
0.0
  0
VERTEX
  5
12E
330
EC
100
AcDbEntity
  8
0
 62
     0
370
    40
100
AcDbVertex
100
AcDb2dVertex
 10
-34.3706275256548
 20
-7.156477299086273
 30
0.0
  0
VERTEX
  5
12F
330
EC
100
AcDbEntity
  8
0
 62
     0
370
    40
100
AcDbVertex
100
AcDb2dVertex
 10
-35.12590641956843
 20
-7.414804820457364
 30
0.0
  0
VERTEX
  5
130
330
EC
100
AcDbEntity
  8
0
 62
     0
370
    40
100
AcDbVertex
100
AcDb2dVertex
 10
-35.12590641956843
 20
-7.414804820457364
 30
0.0
  0
VERTEX
  5
131
330
EC
100
AcDbEntity
  8
0
 62
     0
370
    40
100
AcDbVertex
100
AcDb2dVertex
 10
-35.84654762443777
 20
-7.767120316109986
 30
0.0
  0
VERTEX
  5
132
330
EC
100
AcDbEntity
  8
0
 62
     0
370
    40
100
AcDbVertex
100
AcDb2dVertex
 10
-35.84654762443777
 20
-7.767120316109986
 30
0.0
  0
VERTEX
  5
133
330
EC
100
AcDbEntity
  8
0
 62
     0
370
    40
100
AcDbVertex
100
AcDb2dVertex
 10
-36.52327867100265
 20
-8.20453482908057
 30
0.0
  0
VERTEX
  5
134
330
EC
100
AcDbEntity
  8
0
 62
     0
370
    40
100
AcDbVertex
100
AcDb2dVertex
 10
-36.52327867100265
 20
-8.20453482908057
 30
0.0
  0
VERTEX
  5
135
330
EC
100
AcDbEntity
  8
0
 62
     0
370
    40
100
AcDbVertex
100
AcDb2dVertex
 10
-37.14864516245697
 20
-8.716246374489387
 30
0.0
  0
VERTEX
  5
136
330
EC
100
AcDbEntity
  8
0
 62
     0
370
    40
100
AcDbVertex
100
AcDb2dVertex
 10
-37.14864516245697
 20
-8.716246374489387
 30
0.0
  0
VERTEX
  5
137
330
EC
100
AcDbEntity
  8
0
 62
     0
370
    40
100
AcDbVertex
100
AcDb2dVertex
 10
-37.71730885597491
 20
-9.289972471577773
 30
0.0
  0
VERTEX
  5
138
330
EC
100
AcDbEntity
  8
0
 62
     0
370
    40
100
AcDbVertex
100
AcDb2dVertex
 10
-37.71730885597491
 20
-9.289972471577773
 30
0.0
  0
VERTEX
  5
139
330
EC
100
AcDbEntity
  8
0
 62
     0
370
    40
100
AcDbVertex
100
AcDb2dVertex
 10
-38.22625167711671
 20
-9.912439188736451
 30
0.0
  0
VERTEX
  5
13A
330
EC
100
AcDbEntity
  8
0
 62
     0
370
    40
100
AcDbVertex
100
AcDb2dVertex
 10
-38.22625167711671
 20
-9.912439188736451
 30
0.0
  0
VERTEX
  5
13B
330
EC
100
AcDbEntity
  8
0
 62
     0
370
    40
100
AcDbVertex
100
AcDb2dVertex
 10
-38.67487649146507
 20
-10.56990567930541
 30
0.0
  0
VERTEX
  5
13C
330
EC
100
AcDbEntity
  8
0
 62
     0
370
    40
100
AcDbVertex
100
AcDb2dVertex
 10
-38.67487649146507
 20
-10.56990567930541
 30
0.0
  0
VERTEX
  5
13D
330
EC
100
AcDbEntity
  8
0
 62
     0
370
    40
100
AcDbVertex
100
AcDb2dVertex
 10
-39.065
 20
-11.24870169058099
 30
0.0
  0
VERTEX
  5
13E
330
EC
100
AcDbEntity
  8
0
 62
     0
370
    40
100
AcDbVertex
100
AcDb2dVertex
 10
-39.065
 20
-11.24870169058099
 30
0.0
  0
VERTEX
  5
13F
330
EC
100
AcDbEntity
  8
0
 62
     0
370
    40
100
AcDbVertex
100
AcDb2dVertex
 10
-39.40073787345691
 20
-11.93575501333972
 30
0.0
  0
VERTEX
  5
140
330
EC
100
AcDbEntity
  8
0
 62
     0
370
    40
100
AcDbVertex
100
AcDb2dVertex
 10
-39.40073787345691
 20
-11.93575501333972
 30
0.0
  0
VERTEX
  5
141
330
EC
100
AcDbEntity
  8
0
 62
     0
370
    40
100
AcDbVertex
100
AcDb2dVertex
 10
-39.68828698828581
 20
-12.61908632630658
 30
0.0
  0
VERTEX
  5
142
330
EC
100
AcDbEntity
  8
0
 62
     0
370
    40
100
AcDbVertex
100
AcDb2dVertex
 10
-39.68828698828581
 20
-12.61908632630658
 30
0.0
  0
VERTEX
  5
143
330
EC
100
AcDbEntity
  8
0
 62
     0
370
    40
100
AcDbVertex
100
AcDb2dVertex
 10
-39.93561416490474
 20
-13.2882503576279
 30
0.0
  0
VERTEX
  5
144
330
EC
100
AcDbEntity
  8
0
 62
     0
370
    40
100
AcDbVertex
100
AcDb2dVertex
 10
-39.93561416490474
 20
-13.2882503576279
 30
0.0
  0
VERTEX
  5
145
330
EC
100
AcDbEntity
  8
0
 62
     0
370
    40
100
AcDbVertex
100
AcDb2dVertex
 10
-40.1520649388972
 20
-13.93470466902385
 30
0.0
  0
VERTEX
  5
146
330
EC
100
AcDbEntity
  8
0
 62
     0
370
    40
100
AcDbVertex
100
AcDb2dVertex
 10
-40.1520649388972
 20
-13.93470466902385
 30
0.0
  0
VERTEX
  5
147
330
EC
100
AcDbEntity
  8
0
 62
     0
370
    40
100
AcDbVertex
100
AcDb2dVertex
 10
-40.3479094366181
 20
-14.5520905633819
 30
0.0
  0
VERTEX
  5
148
330
EC
100
AcDbEntity
  8
0
 62
     0
370
    40
100
AcDbVertex
100
AcDb2dVertex
 10
-40.3479094366181
 20
-14.5520905633819
 30
0.0
  0
VERTEX
  5
149
330
EC
100
AcDbEntity
  8
0
 62
     0
370
    40
100
AcDbVertex
100
AcDb2dVertex
 10
-40.53384522304776
 20
-15.13641448319427
 30
0.0
  0
VERTEX
  5
14A
330
EC
100
AcDbEntity
  8
0
 62
     0
370
    40
100
AcDbVertex
100
AcDb2dVertex
 10
-40.53384522304776
 20
-15.13641448319427
 30
0.0
  0
VERTEX
  5
14B
330
EC
100
AcDbEntity
  8
0
 62
     0
370
    40
100
AcDbVertex
100
AcDb2dVertex
 10
-40.72047891887921
 20
-15.68612263623397
 30
0.0
  0
VERTEX
  5
14C
330
EC
100
AcDbEntity
  8
0
 62
     0
370
    40
100
AcDbVertex
100
AcDb2dVertex
 10
-40.72047891887921
 20
-15.68612263623397
 30
0.0
  0
VERTEX
  5
14D
330
EC
100
AcDbEntity
  8
0
 62
     0
370
    40
100
AcDbVertex
100
AcDb2dVertex
 10
-40.91780936084285
 20
-16.20206626510766
 30
0.0
  0
VERTEX
  5
14E
330
EC
100
AcDbEntity
  8
0
 62
     0
370
    40
100
AcDbVertex
100
AcDb2dVertex
 10
-40.91780936084285
 20
-16.20206626510766
 30
0.0
  0
VERTEX
  5
14F
330
EC
100
AcDbEntity
  8
0
 62
     0
370
    40
100
AcDbVertex
100
AcDb2dVertex
 10
-41.13473506086537
 20
-16.68735976418452
 30
0.0
  0
VERTEX
  5
150
330
EC
100
AcDbEntity
  8
0
 62
     0
370
    40
100
AcDbVertex
100
AcDb2dVertex
 10
-41.13473506086537
 20
-16.68735976418452
 30
0.0
  0
VERTEX
  5
151
330
EC
100
AcDbEntity
  8
0
 62
     0
370
    40
100
AcDbVertex
100
AcDb2dVertex
 10
-41.37860770603354
 20
-17.14713853164934
 30
0.0
  0
VERTEX
  5
152
330
EC
100
AcDbEntity
  8
0
 62
     0
370
    40
100
AcDbVertex
100
AcDb2dVertex
 10
-41.37860770603354
 20
-17.14713853164934
 30
0.0
  0
VERTEX
  5
153
330
EC
100
AcDbEntity
  8
0
 62
     0
370
    40
100
AcDbVertex
100
AcDb2dVertex
 10
-41.65485147619469
 20
-17.5882278213855
 30
0.0
  0
VERTEX
  5
154
330
EC
100
AcDbEntity
  8
0
 62
     0
370
    40
100
AcDbVertex
100
AcDb2dVertex
 10
-41.65485147619469
 20
-17.5882278213855
 30
0.0
  0
VERTEX
  5
155
330
EC
100
AcDbEntity
  8
0
 62
     0
370
    40
100
AcDbVertex
100
AcDb2dVertex
 10
-41.96666512467544
 20
-18.01873773787715
 30
0.0
  0
VERTEX
  5
156
330
EC
100
AcDbEntity
  8
0
 62
     0
370
    40
100
AcDbVertex
100
AcDb2dVertex
 10
-41.96666512467544
 20
-18.01873773787715
 30
0.0
  0
VERTEX
  5
157
330
EC
100
AcDbEntity
  8
0
 62
     0
370
    40
100
AcDbVertex
100
AcDb2dVertex
 10
-42.31482019321896
 20
-18.44760272799452
 30
0.0
  0
VERTEX
  5
158
330
EC
100
AcDbEntity
  8
0
 62
     0
370
    40
100
AcDbVertex
100
AcDb2dVertex
 10
-42.31482019321896
 20
-18.44760272799452
 30
0.0
  0
VERTEX
  5
159
330
EC
100
AcDbEntity
  8
0
 62
     0
370
    40
100
AcDbVertex
100
AcDb2dVertex
 10
-42.69756457050305
 20
-18.88408632630658
 30
0.0
  0
VERTEX
  5
15A
330
EC
100
AcDbEntity
  8
0
 62
     0
370
    40
100
AcDbVertex
100
AcDb2dVertex
 10
-42.69756457050305
 20
-18.88408632630658
 30
0.0
  0
VERTEX
  5
15B
330
EC
100
AcDbEntity
  8
0
 62
     0
370
    40
100
AcDbVertex
100
AcDb2dVertex
 10
-43.11063603588462
 20
-19.33727340073349
 30
0.0
  0
VERTEX
  5
15C
330
EC
100
AcDbEntity
  8
0
 62
     0
370
    40
100
AcDbVertex
100
AcDb2dVertex
 10
-43.11063603588462
 20
-19.33727340073349
 30
0.0
  0
VERTEX
  5
15D
330
EC
100
AcDbEntity
  8
0
 62
     0
370
    40
100
AcDbVertex
100
AcDb2dVertex
 10
-43.54738565547642
 20
-19.81557265813023
 30
0.0
  0
VERTEX
  5
15E
330
EC
100
AcDbEntity
  8
0
 62
     0
370
    40
100
AcDbVertex
100
AcDb2dVertex
 10
-43.54738565547642
 20
-19.81557265813023
 30
0.0
  0
VERTEX
  5
15F
330
EC
100
AcDbEntity
  8
0
 62
     0
370
    40
100
AcDbVertex
100
AcDb2dVertex
 10
-43.99900612453507
 20
-20.32625168277447
 30
0.0
  0
VERTEX
  5
160
330
EC
100
AcDbEntity
  8
0
 62
     0
370
    40
100
AcDbVertex
100
AcDb2dVertex
 10
-43.99900612453507
 20
-20.32625168277447
 30
0.0
  0
VERTEX
  5
161
330
EC
100
AcDbEntity
  8
0
 62
     0
370
    40
100
AcDbVertex
100
AcDb2dVertex
 10
-44.45485558664867
 20
-20.87502531643341
 30
0.0
  0
VERTEX
  5
162
330
EC
100
AcDbEntity
  8
0
 62
     0
370
    40
100
AcDbVertex
100
AcDb2dVertex
 10
-44.45485558664867
 20
-20.87502531643341
 30
0.0
  0
VERTEX
  5
163
330
EC
100
AcDbEntity
  8
0
 62
     0
370
    40
100
AcDbVertex
100
AcDb2dVertex
 10
-44.9028633054649
 20
-21.4657158111944
 30
0.0
  0
VERTEX
  5
164
330
EC
100
AcDbEntity
  8
0
 62
     0
370
    40
100
AcDbVertex
100
AcDb2dVertex
 10
-44.9028633054649
 20
-21.4657158111944
 30
0.0
  0
VERTEX
  5
165
330
EC
100
AcDbEntity
  8
0
 62
     0
370
    40
100
AcDbVertex
100
AcDb2dVertex
 10
-45.33000000000001
 20
-22.10000000000002
 30
0.0
  0
VERTEX
  5
166
330
EC
100
AcDbEntity
  8
0
 62
     0
370
    40
100
AcDbVertex
100
AcDb2dVertex
 10
-45.33000000000001
 20
-22.10000000000002
 30
0.0
  0
VERTEX
  5
167
330
EC
100
AcDbEntity
  8
0
 62
     0
370
    40
100
AcDbVertex
100
AcDb2dVertex
 10
-45.72279283548475
 20
-22.77725487464257
 30
0.0
  0
VERTEX
  5
168
330
EC
100
AcDbEntity
  8
0
 62
     0
370
    40
100
AcDbVertex
100
AcDb2dVertex
 10
-45.72279283548475
 20
-22.77725487464257
 30
0.0
  0
VERTEX
  5
169
330
EC
100
AcDbEntity
  8
0
 62
     0
370
    40
100
AcDbVertex
100
AcDb2dVertex
 10
-46.06786311128028
 20
-23.49450860592081
 30
0.0
  0
VERTEX
  5
16A
330
EC
100
AcDbEntity
  8
0
 62
     0
370
    40
100
AcDbVertex
100
AcDb2dVertex
 10
-46.06786311128028
 20
-23.49450860592081
 30
0.0
  0
VERTEX
  5
16B
330
EC
100
AcDbEntity
  8
0
 62
     0
370
    40
100
AcDbVertex
100
AcDb2dVertex
 10
-46.3524636907791
 20
-24.24649937668267
 30
0.0
  0
VERTEX
  5
16C
330
EC
100
AcDbEntity
  8
0
 62
     0
370
    40
100
AcDbVertex
100
AcDb2dVertex
 10
-46.3524636907791
 20
-24.24649937668267
 30
0.0
  0
VERTEX
  5
16D
330
EC
100
AcDbEntity
  8
0
 62
     0
370
    40
100
AcDbVertex
100
AcDb2dVertex
 10
-46.56499321891276
 20
-25.02583963002329
 30
0.0
  0
VERTEX
  5
16E
330
EC
100
AcDbEntity
  8
0
 62
     0
370
    40
100
AcDbVertex
100
AcDb2dVertex
 10
-46.56499321891276
 20
-25.02583963002329
 30
0.0
  0
VERTEX
  5
16F
330
EC
100
AcDbEntity
  8
0
 62
     0
370
    40
100
AcDbVertex
100
AcDb2dVertex
 10
-46.69546517091943
 20
-25.82327867100268
 30
0.0
  0
VERTEX
  5
170
330
EC
100
AcDbEntity
  8
0
 62
     0
370
    40
100
AcDbVertex
100
AcDb2dVertex
 10
-46.69546517091943
 20
-25.82327867100268
 30
0.0
  0
VERTEX
  5
171
330
EC
100
AcDbEntity
  8
0
 62
     0
370
    40
100
AcDbVertex
100
AcDb2dVertex
 10
-46.73591172785351
 20
-26.62805220534279
 30
0.0
  0
VERTEX
  5
172
330
EC
100
AcDbEntity
  8
0
 62
     0
370
    40
100
AcDbVertex
100
AcDb2dVertex
 10
-46.73591172785351
 20
-26.62805220534279
 30
0.0
  0
VERTEX
  5
173
330
EC
100
AcDbEntity
  8
0
 62
     0
370
    40
100
AcDbVertex
100
AcDb2dVertex
 10
-46.68070529480092
 20
-27.42830354359977
 30
0.0
  0
VERTEX
  5
174
330
EC
100
AcDbEntity
  8
0
 62
     0
370
    40
100
AcDbVertex
100
AcDb2dVertex
 10
-46.68070529480092
 20
-27.42830354359977
 30
0.0
  0
VERTEX
  5
175
330
EC
100
AcDbEntity
  8
0
 62
     0
370
    40
100
AcDbVertex
100
AcDb2dVertex
 10
-46.52678404384814
 20
-28.21155801335673
 30
0.0
  0
VERTEX
  5
176
330
EC
100
AcDbEntity
  8
0
 62
     0
370
    40
100
AcDbVertex
100
AcDb2dVertex
 10
-46.52678404384814
 20
-28.21155801335673
 30
0.0
  0
VERTEX
  5
177
330
EC
100
AcDbEntity
  8
0
 62
     0
370
    40
100
AcDbVertex
100
AcDb2dVertex
 10
-46.2737720199658
 20
-28.96522974485857
 30
0.0
  0
VERTEX
  5
178
330
EC
100
AcDbEntity
  8
0
 62
     0
370
    40
100
AcDbVertex
100
AcDb2dVertex
 10
-46.2737720199658
 20
-28.96522974485857
 30
0.0
  0
VERTEX
  5
179
330
EC
100
AcDbEntity
  8
0
 62
     0
370
    40
100
AcDbVertex
100
AcDb2dVertex
 10
-45.92398891280448
 20
-29.67713853164936
 30
0.0
  0
VERTEX
  5
17A
330
EC
100
AcDbEntity
  8
0
 62
     0
370
    40
100
AcDbVertex
100
AcDb2dVertex
 10
-45.92398891280448
 20
-29.67713853164936
 30
0.0
  0
VERTEX
  5
17B
330
EC
100
AcDbEntity
  8
0
 62
     0
370
    40
100
AcDbVertex
100
AcDb2dVertex
 10
-45.48234937184694
 20
-30.33601398166112
 30
0.0
  0
VERTEX
  5
17C
330
EC
100
AcDbEntity
  8
0
 62
     0
370
    40
100
AcDbVertex
100
AcDb2dVertex
 10
-45.48234937184694
 20
-30.33601398166112
 30
0.0
  0
VERTEX
  5
17D
330
EC
100
AcDbEntity
  8
0
 62
     0
370
    40
100
AcDbVertex
100
AcDb2dVertex
 10
-44.9561565181933
 20
-30.93196468755705
 30
0.0
  0
VERTEX
  5
17E
330
EC
100
AcDbEntity
  8
0
 62
     0
370
    40
100
AcDbVertex
100
AcDb2dVertex
 10
-44.9561565181933
 20
-30.93196468755705
 30
0.0
  0
VERTEX
  5
17F
330
EC
100
AcDbEntity
  8
0
 62
     0
370
    40
100
AcDbVertex
100
AcDb2dVertex
 10
-44.35479887523246
 20
-31.45689163594291
 30
0.0
  0
VERTEX
  5
180
330
EC
100
AcDbEntity
  8
0
 62
     0
370
    40
100
AcDbVertex
100
AcDb2dVertex
 10
-44.35479887523246
 20
-31.45689163594291
 30
0.0
  0
VERTEX
  5
181
330
EC
100
AcDbEntity
  8
0
 62
     0
370
    40
100
AcDbVertex
100
AcDb2dVertex
 10
-43.68936410341571
 20
-31.90482747854727
 30
0.0
  0
VERTEX
  5
182
330
EC
100
AcDbEntity
  8
0
 62
     0
370
    40
100
AcDbVertex
100
AcDb2dVertex
 10
-43.68936410341571
 20
-31.90482747854727
 30
0.0
  0
VERTEX
  5
183
330
EC
100
AcDbEntity
  8
0
 62
     0
370
    40
100
AcDbVertex
100
AcDb2dVertex
 10
-42.97218649991675
 20
-32.27218649991678
 30
0.0
  0
VERTEX
  5
184
330
EC
100
AcDbEntity
  8
0
 62
     0
370
    40
100
AcDbVertex
100
AcDb2dVertex
 10
-42.97218649991675
 20
-32.27218649991678
 30
0.0
  0
VERTEX
  5
185
330
EC
100
AcDbEntity
  8
0
 62
     0
370
    40
100
AcDbVertex
100
AcDb2dVertex
 10
-42.21634805645575
 20
-32.55791399548736
 30
0.0
  0
VERTEX
  5
186
330
EC
100
AcDbEntity
  8
0
 62
     0
370
    40
100
AcDbVertex
100
AcDb2dVertex
 10
-42.21634805645575
 20
-32.55791399548736
 30
0.0
  0
VERTEX
  5
187
330
EC
100
AcDbEntity
  8
0
 62
     0
370
    40
100
AcDbVertex
100
AcDb2dVertex
 10
-41.43515483480414
 20
-32.76352815173959
 30
0.0
  0
VERTEX
  5
188
330
EC
100
AcDbEntity
  8
0
 62
     0
370
    40
100
AcDbVertex
100
AcDb2dVertex
 10
-41.43515483480414
 20
-32.76352815173959
 30
0.0
  0
VERTEX
  5
189
330
EC
100
AcDbEntity
  8
0
 62
     0
370
    40
100
AcDbVertex
100
AcDb2dVertex
 10
-40.64161143416352
 20
-32.89305220534276
 30
0.0
  0
VERTEX
  5
18A
330
EC
100
AcDbEntity
  8
0
 62
     0
370
    40
100
AcDbVertex
100
AcDb2dVertex
 10
-40.64161143416352
 20
-32.89305220534276
 30
0.0
  0
VERTEX
  5
18B
330
EC
100
AcDbEntity
  8
0
 62
     0
370
    40
100
AcDbVertex
100
AcDb2dVertex
 10
-39.84791634401962
 20
-32.95283944605205
 30
0.0
  0
VERTEX
  5
18C
330
EC
100
AcDbEntity
  8
0
 62
     0
370
    40
100
AcDbVertex
100
AcDb2dVertex
 10
-39.84791634401962
 20
-32.95283944605205
 30
0.0
  0
VERTEX
  5
18D
330
EC
100
AcDbEntity
  8
0
 62
     0
370
    40
100
AcDbVertex
100
AcDb2dVertex
 10
-39.06499999999996
 20
-32.95129830941901
 30
0.0
  0
VERTEX
  5
18E
330
EC
100
AcDbEntity
  8
0
 62
     0
370
    40
100
AcDbVertex
100
AcDb2dVertex
 10
-39.06499999999996
 20
-32.95129830941901
 30
0.0
  0
VERTEX
  5
18F
330
EC
100
AcDbEntity
  8
0
 62
     0
370
    40
100
AcDbVertex
100
AcDb2dVertex
 10
-38.30212543200793
 20
-32.8985291754659
 30
0.0
  0
VERTEX
  5
190
330
EC
100
AcDbEntity
  8
0
 62
     0
370
    40
100
AcDbVertex
100
AcDb2dVertex
 10
-38.30212543200793
 20
-32.8985291754659
 30
0.0
  0
VERTEX
  5
191
330
EC
100
AcDbEntity
  8
0
 62
     0
370
    40
100
AcDbVertex
100
AcDb2dVertex
 10
-37.56656859836281
 20
-32.80588835726002
 30
0.0
  0
VERTEX
  5
192
330
EC
100
AcDbEntity
  8
0
 62
     0
370
    40
100
AcDbVertex
100
AcDb2dVertex
 10
-37.56656859836281
 20
-32.80588835726002
 30
0.0
  0
VERTEX
  5
193
330
EC
100
AcDbEntity
  8
0
 62
     0
370
    40
100
AcDbVertex
100
AcDb2dVertex
 10
-36.86339195963027
 20
-32.68549795959764
 30
0.0
  0
VERTEX
  5
194
330
EC
100
AcDbEntity
  8
0
 62
     0
370
    40
100
AcDbVertex
100
AcDb2dVertex
 10
-36.86339195963027
 20
-32.68549795959764
 30
0.0
  0
VERTEX
  5
195
330
EC
100
AcDbEntity
  8
0
 62
     0
370
    40
100
AcDbVertex
100
AcDb2dVertex
 10
-36.19532071657918
 20
-32.54972267284592
 30
0.0
  0
VERTEX
  5
196
330
EC
100
AcDbEntity
  8
0
 62
     0
370
    40
100
AcDbVertex
100
AcDb2dVertex
 10
-36.19532071657918
 20
-32.54972267284592
 30
0.0
  0
VERTEX
  5
197
330
EC
100
AcDbEntity
  8
0
 62
     0
370
    40
100
AcDbVertex
100
AcDb2dVertex
 10
-35.56272659926648
 20
-32.41063603588461
 30
0.0
  0
VERTEX
  5
198
330
EC
100
AcDbEntity
  8
0
 62
     0
370
    40
100
AcDbVertex
100
AcDb2dVertex
 10
-35.56272659926648
 20
-32.41063603588461
 30
0.0
  0
VERTEX
  5
199
330
EC
100
AcDbEntity
  8
0
 62
     0
370
    40
100
AcDbVertex
100
AcDb2dVertex
 10
-34.96371934745524
 20
-32.27949919049915
 30
0.0
  0
VERTEX
  5
19A
330
EC
100
AcDbEntity
  8
0
 62
     0
370
    40
100
AcDbVertex
100
AcDb2dVertex
 10
-34.96371934745524
 20
-32.27949919049915
 30
0.0
  0
VERTEX
  5
19B
330
EC
100
AcDbEntity
  8
0
 62
     0
370
    40
100
AcDbVertex
100
AcDb2dVertex
 10
-34.39434127433971
 20
-32.16627463577152
 30
0.0
  0
VERTEX
  5
19C
330
EC
100
AcDbEntity
  8
0
 62
     0
370
    40
100
AcDbVertex
100
AcDb2dVertex
 10
-34.39434127433971
 20
-32.16627463577152
 30
0.0
  0
VERTEX
  5
19D
330
EC
100
AcDbEntity
  8
0
 62
     0
370
    40
100
AcDbVertex
100
AcDb2dVertex
 10
-33.84885576383255
 20
-32.0791959970152
 30
0.0
  0
VERTEX
  5
19E
330
EC
100
AcDbEntity
  8
0
 62
     0
370
    40
100
AcDbVertex
100
AcDb2dVertex
 10
-33.84885576383255
 20
-32.0791959970152
 30
0.0
  0
VERTEX
  5
19F
330
EC
100
AcDbEntity
  8
0
 62
     0
370
    40
100
AcDbVertex
100
AcDb2dVertex
 10
-33.32011641532929
 20
-32.02441241442999
 30
0.0
  0
VERTEX
  5
1A0
330
EC
100
AcDbEntity
  8
0
 62
     0
370
    40
100
AcDbVertex
100
AcDb2dVertex
 10
-33.32011641532929
 20
-32.02441241442999
 30
0.0
  0
VERTEX
  5
1A1
330
EC
100
AcDbEntity
  8
0
 62
     0
370
    40
100
AcDbVertex
100
AcDb2dVertex
 10
-32.79999999999996
 20
-32.00572293670133
 30
0.0
  0
VERTEX
  5
1A2
330
EC
100
AcDbEntity
  8
0
 62
     0
370
    40
100
AcDbVertex
100
AcDb2dVertex
 10
-32.79999999999996
 20
-32.00572293670133
 30
0.0
  0
VERTEX
  5
1A3
330
EC
100
AcDbEntity
  8
0
 62
     0
370
    40
100
AcDbVertex
100
AcDb2dVertex
 10
-32.27988358467064
 20
-32.02441241443
 30
0.0
  0
VERTEX
  5
1A4
330
EC
100
AcDbEntity
  8
0
 62
     0
370
    40
100
AcDbVertex
100
AcDb2dVertex
 10
-32.27988358467064
 20
-32.02441241443
 30
0.0
  0
VERTEX
  5
1A5
330
EC
100
AcDbEntity
  8
0
 62
     0
370
    40
100
AcDbVertex
100
AcDb2dVertex
 10
-31.75114423616738
 20
-32.07919599701521
 30
0.0
  0
VERTEX
  5
1A6
330
EC
100
AcDbEntity
  8
0
 62
     0
370
    40
100
AcDbVertex
100
AcDb2dVertex
 10
-31.75114423616738
 20
-32.07919599701521
 30
0.0
  0
VERTEX
  5
1A7
330
EC
100
AcDbEntity
  8
0
 62
     0
370
    40
100
AcDbVertex
100
AcDb2dVertex
 10
-31.20565872566021
 20
-32.16627463577153
 30
0.0
  0
VERTEX
  5
1A8
330
EC
100
AcDbEntity
  8
0
 62
     0
370
    40
100
AcDbVertex
100
AcDb2dVertex
 10
-31.20565872566021
 20
-32.16627463577153
 30
0.0
  0
VERTEX
  5
1A9
330
EC
100
AcDbEntity
  8
0
 62
     0
370
    40
100
AcDbVertex
100
AcDb2dVertex
 10
-30.63628065254468
 20
-32.27949919049917
 30
0.0
  0
VERTEX
  5
1AA
330
EC
100
AcDbEntity
  8
0
 62
     0
370
    40
100
AcDbVertex
100
AcDb2dVertex
 10
-30.63628065254468
 20
-32.27949919049917
 30
0.0
  0
VERTEX
  5
1AB
330
EC
100
AcDbEntity
  8
0
 62
     0
370
    40
100
AcDbVertex
100
AcDb2dVertex
 10
-30.03727340073343
 20
-32.41063603588464
 30
0.0
  0
VERTEX
  5
1AC
330
EC
100
AcDbEntity
  8
0
 62
     0
370
    40
100
AcDbVertex
100
AcDb2dVertex
 10
-30.03727340073343
 20
-32.41063603588464
 30
0.0
  0
VERTEX
  5
1AD
330
EC
100
AcDbEntity
  8
0
 62
     0
370
    40
100
AcDbVertex
100
AcDb2dVertex
 10
-29.40467928342074
 20
-32.54972267284595
 30
0.0
  0
VERTEX
  5
1AE
330
EC
100
AcDbEntity
  8
0
 62
     0
370
    40
100
AcDbVertex
100
AcDb2dVertex
 10
-29.40467928342074
 20
-32.54972267284595
 30
0.0
  0
VERTEX
  5
1AF
330
EC
100
AcDbEntity
  8
0
 62
     0
370
    40
100
AcDbVertex
100
AcDb2dVertex
 10
-28.73660804036963
 20
-32.68549795959767
 30
0.0
  0
VERTEX
  5
1B0
330
EC
100
AcDbEntity
  8
0
 62
     0
370
    40
100
AcDbVertex
100
AcDb2dVertex
 10
-28.73660804036963
 20
-32.68549795959767
 30
0.0
  0
VERTEX
  5
1B1
330
EC
100
AcDbEntity
  8
0
 62
     0
370
    40
100
AcDbVertex
100
AcDb2dVertex
 10
-28.03343140163711
 20
-32.80588835726005
 30
0.0
  0
VERTEX
  5
1B2
330
EC
100
AcDbEntity
  8
0
 62
     0
370
    40
100
AcDbVertex
100
AcDb2dVertex
 10
-28.03343140163711
 20
-32.80588835726005
 30
0.0
  0
VERTEX
  5
1B3
330
EC
100
AcDbEntity
  8
0
 62
     0
370
    40
100
AcDbVertex
100
AcDb2dVertex
 10
-27.29787456799198
 20
-32.89852917546592
 30
0.0
  0
VERTEX
  5
1B4
330
EC
100
AcDbEntity
  8
0
 62
     0
370
    40
100
AcDbVertex
100
AcDb2dVertex
 10
-27.29787456799198
 20
-32.89852917546592
 30
0.0
  0
VERTEX
  5
1B5
330
EC
100
AcDbEntity
  8
0
 62
     0
370
    40
100
AcDbVertex
100
AcDb2dVertex
 10
-26.53499999999994
 20
-32.95129830941903
 30
0.0
  0
VERTEX
  5
1B6
330
EC
100
AcDbEntity
  8
0
 62
     0
370
    40
100
AcDbVertex
100
AcDb2dVertex
 10
-26.53499999999994
 20
-32.95129830941903
 30
0.0
  0
VERTEX
  5
1B7
330
EC
100
AcDbEntity
  8
0
 62
     0
370
    40
100
AcDbVertex
100
AcDb2dVertex
 10
-25.75208365598028
 20
-32.95283944605205
 30
0.0
  0
VERTEX
  5
1B8
330
EC
100
AcDbEntity
  8
0
 62
     0
370
    40
100
AcDbVertex
100
AcDb2dVertex
 10
-25.75208365598028
 20
-32.95283944605205
 30
0.0
  0
VERTEX
  5
1B9
330
EC
100
AcDbEntity
  8
0
 62
     0
370
    40
100
AcDbVertex
100
AcDb2dVertex
 10
-24.95838856583638
 20
-32.89305220534276
 30
0.0
  0
VERTEX
  5
1BA
330
EC
100
AcDbEntity
  8
0
 62
     0
370
    40
100
AcDbVertex
100
AcDb2dVertex
 10
-24.95838856583638
 20
-32.89305220534276
 30
0.0
  0
VERTEX
  5
1BB
330
EC
100
AcDbEntity
  8
0
 62
     0
370
    40
100
AcDbVertex
100
AcDb2dVertex
 10
-24.16484516519576
 20
-32.76352815173958
 30
0.0
  0
VERTEX
  5
1BC
330
EC
100
AcDbEntity
  8
0
 62
     0
370
    40
100
AcDbVertex
100
AcDb2dVertex
 10
-24.16484516519576
 20
-32.76352815173958
 30
0.0
  0
VERTEX
  5
1BD
330
EC
100
AcDbEntity
  8
0
 62
     0
370
    40
100
AcDbVertex
100
AcDb2dVertex
 10
-23.38365194354414
 20
-32.55791399548733
 30
0.0
  0
VERTEX
  5
1BE
330
EC
100
AcDbEntity
  8
0
 62
     0
370
    40
100
AcDbVertex
100
AcDb2dVertex
 10
-23.38365194354414
 20
-32.55791399548733
 30
0.0
  0
VERTEX
  5
1BF
330
EC
100
AcDbEntity
  8
0
 62
     0
370
    40
100
AcDbVertex
100
AcDb2dVertex
 10
-22.62781350008316
 20
-32.27218649991676
 30
0.0
  0
VERTEX
  5
1C0
330
EC
100
AcDbEntity
  8
0
 62
     0
370
    40
100
AcDbVertex
100
AcDb2dVertex
 10
-22.62781350008316
 20
-32.27218649991676
 30
0.0
  0
VERTEX
  5
1C1
330
EC
100
AcDbEntity
  8
0
 62
     0
370
    40
100
AcDbVertex
100
AcDb2dVertex
 10
-21.91063589658421
 20
-31.90482747854723
 30
0.0
  0
VERTEX
  5
1C2
330
EC
100
AcDbEntity
  8
0
 62
     0
370
    40
100
AcDbVertex
100
AcDb2dVertex
 10
-21.91063589658421
 20
-31.90482747854723
 30
0.0
  0
VERTEX
  5
1C3
330
EC
100
AcDbEntity
  8
0
 62
     0
370
    40
100
AcDbVertex
100
AcDb2dVertex
 10
-21.24520112476746
 20
-31.45689163594286
 30
0.0
  0
VERTEX
  5
1C4
330
EC
100
AcDbEntity
  8
0
 62
     0
370
    40
100
AcDbVertex
100
AcDb2dVertex
 10
-21.24520112476746
 20
-31.45689163594286
 30
0.0
  0
VERTEX
  5
1C5
330
EC
100
AcDbEntity
  8
0
 62
     0
370
    40
100
AcDbVertex
100
AcDb2dVertex
 10
-20.64384348180662
 20
-30.93196468755698
 30
0.0
  0
VERTEX
  5
1C6
330
EC
100
AcDbEntity
  8
0
 62
     0
370
    40
100
AcDbVertex
100
AcDb2dVertex
 10
-20.64384348180662
 20
-30.93196468755698
 30
0.0
  0
VERTEX
  5
1C7
330
EC
100
AcDbEntity
  8
0
 62
     0
370
    40
100
AcDbVertex
100
AcDb2dVertex
 10
-20.117650628153
 20
-30.33601398166105
 30
0.0
  0
VERTEX
  5
1C8
330
EC
100
AcDbEntity
  8
0
 62
     0
370
    40
100
AcDbVertex
100
AcDb2dVertex
 10
-20.117650628153
 20
-30.33601398166105
 30
0.0
  0
VERTEX
  5
1C9
330
EC
100
AcDbEntity
  8
0
 62
     0
370
    40
100
AcDbVertex
100
AcDb2dVertex
 10
-19.67601108719548
 20
-29.67713853164929
 30
0.0
  0
VERTEX
  5
1CA
330
EC
100
AcDbEntity
  8
0
 62
     0
370
    40
100
AcDbVertex
100
AcDb2dVertex
 10
-19.67601108719548
 20
-29.67713853164929
 30
0.0
  0
VERTEX
  5
1CB
330
EC
100
AcDbEntity
  8
0
 62
     0
370
    40
100
AcDbVertex
100
AcDb2dVertex
 10
-19.32622798003416
 20
-28.96522974485848
 30
0.0
  0
VERTEX
  5
1CC
330
EC
100
AcDbEntity
  8
0
 62
     0
370
    40
100
AcDbVertex
100
AcDb2dVertex
 10
-19.32622798003416
 20
-28.96522974485848
 30
0.0
  0
VERTEX
  5
1CD
330
EC
100
AcDbEntity
  8
0
 62
     0
370
    40
100
AcDbVertex
100
AcDb2dVertex
 10
-19.07321595615184
 20
-28.21155801335663
 30
0.0
  0
VERTEX
  5
1CE
330
EC
100
AcDbEntity
  8
0
 62
     0
370
    40
100
AcDbVertex
100
AcDb2dVertex
 10
-19.07321595615184
 20
-28.21155801335663
 30
0.0
  0
VERTEX
  5
1CF
330
EC
100
AcDbEntity
  8
0
 62
     0
370
    40
100
AcDbVertex
100
AcDb2dVertex
 10
-18.91929470519907
 20
-27.42830354359968
 30
0.0
  0
VERTEX
  5
1D0
330
EC
100
AcDbEntity
  8
0
 62
     0
370
    40
100
AcDbVertex
100
AcDb2dVertex
 10
-18.91929470519907
 20
-27.42830354359968
 30
0.0
  0
VERTEX
  5
1D1
330
EC
100
AcDbEntity
  8
0
 62
     0
370
    40
100
AcDbVertex
100
AcDb2dVertex
 10
-18.86408827214649
 20
-26.62805220534269
 30
0.0
  0
VERTEX
  5
1D2
330
EC
100
AcDbEntity
  8
0
 62
     0
370
    40
100
AcDbVertex
100
AcDb2dVertex
 10
-18.86408827214649
 20
-26.62805220534269
 30
0.0
  0
VERTEX
  5
1D3
330
EC
100
AcDbEntity
  8
0
 62
     0
370
    40
100
AcDbVertex
100
AcDb2dVertex
 10
-18.90453482908058
 20
-25.82327867100258
 30
0.0
  0
VERTEX
  5
1D4
330
EC
100
AcDbEntity
  8
0
 62
     0
370
    40
100
AcDbVertex
100
AcDb2dVertex
 10
-18.90453482908058
 20
-25.82327867100258
 30
0.0
  0
VERTEX
  5
1D5
330
EC
100
AcDbEntity
  8
0
 62
     0
370
    40
100
AcDbVertex
100
AcDb2dVertex
 10
-19.03500678108726
 20
-25.02583963002319
 30
0.0
  0
VERTEX
  5
1D6
330
EC
100
AcDbEntity
  8
0
 62
     0
370
    40
100
AcDbVertex
100
AcDb2dVertex
 10
-19.03500678108726
 20
-25.02583963002319
 30
0.0
  0
VERTEX
  5
1D7
330
EC
100
AcDbEntity
  8
0
 62
     0
370
    40
100
AcDbVertex
100
AcDb2dVertex
 10
-19.24753630922094
 20
-24.24649937668259
 30
0.0
  0
VERTEX
  5
1D8
330
EC
100
AcDbEntity
  8
0
 62
     0
370
    40
100
AcDbVertex
100
AcDb2dVertex
 10
-19.24753630922094
 20
-24.24649937668259
 30
0.0
  0
VERTEX
  5
1D9
330
EC
100
AcDbEntity
  8
0
 62
     0
370
    40
100
AcDbVertex
100
AcDb2dVertex
 10
-19.53213688871976
 20
-23.49450860592073
 30
0.0
  0
VERTEX
  5
1DA
330
EC
100
AcDbEntity
  8
0
 62
     0
370
    40
100
AcDbVertex
100
AcDb2dVertex
 10
-19.53213688871976
 20
-23.49450860592073
 30
0.0
  0
VERTEX
  5
1DB
330
EC
100
AcDbEntity
  8
0
 62
     0
370
    40
100
AcDbVertex
100
AcDb2dVertex
 10
-19.70229105783871
 20
-23.13081204924011
 30
0.0
  0
VERTEX
  5
1DC
330
EC
100
AcDbEntity
  8
0
 62
     0
370
    40
100
AcDbVertex
100
AcDb2dVertex
 10
-19.88225451107007
 20
-22.77699035441833
 30
0.0
  0
VERTEX
  5
1DD
330
EC
100
AcDbEntity
  8
0
 62
     0
370
    40
100
AcDbVertex
100
AcDb2dVertex
 10
-20.27
 20
-22.10000000000002
 30
0.0
  0
SEQEND
  5
1DE
330
EC
100
AcDbEntity
  8
0
 62
     0
370
    40
  0
ENDBLK
  5
1E0
330
EA
100
AcDbEntity
  8
0
100
AcDbBlockEnd
  0
BLOCK
  5
264
330
25A
100
AcDbEntity
  8
0
100
AcDbBlockBegin
  2
Layout1
 70
     0
 10
0.0
 20
0.0
 30
0.0
  3
Layout1
  1

  0
ENDBLK
  5
265
330
25A
100
AcDbEntity
  8
0
100
AcDbBlockEnd
  0
ENDSEC
  0
SECTION
  2
ENTITIES
  0
INSERT
  5
69
330
1F
100
AcDbEntity
  8
0
100
AcDbBlockReference
  2
Model
 10
0.0
 20
0.0
 30
0.0
  0
INSERT
  5
263
330
1F
100
AcDbEntity
  8
0
100
AcDbBlockReference
  2
Layout1
 10
183.7059117278535
 20
0.0
 30
0.0
  0
VIEWPORT
  5
25F
102
{ACAD_XDICTIONARY
360
266
102
}
330
25B
100
AcDbEntity
 67
     1
  8
0
100
AcDbViewport
 10
128.5
 20
97.5
 30
0.0
 40
314.226
 41
222.18
 68
     1
 69
     1
 12
128.5
 22
97.5
 13
0.0
 23
0.0
 14
10.0
 24
10.0
 15
10.0
 25
10.0
 16
0.0
 26
0.0
 36
1.0
 17
0.0
 27
0.0
 37
0.0
 42
50.0
 43
0.0
 44
0.0
 45
222.18
 50
0.0
 51
0.0
 72
   100
 90
   557152
  1

281
     0
 71
     1
 74
     0
110
0.0
120
0.0
130
0.0
111
1.0
121
0.0
131
0.0
112
0.0
122
1.0
132
0.0
 79
     0
146
0.0
170
     0
  0
VIEWPORT
  5
261
102
{ACAD_XDICTIONARY
360
268
102
}
330
25B
100
AcDbEntity
 67
     1
  8
0
100
AcDbViewport
 10
210.0
 20
148.5
 30
0.0
 40
420.0
 41
297.0
 68
     2
 69
     2
 12
393.7059117278535
 22
148.5
 13
0.0
 23
0.0
 14
0.5
 24
0.5
 15
0.0
 25
0.0
 16
0.0
 26
0.0
 36
1.0
 17
0.0
 27
0.0
 37
0.0
 42
50.0
 43
0.0
 44
0.0
 45
297.0
 50
0.0
 51
0.0
 72
   100
 90
   557152
  1

281
     0
 71
     1
 74
     0
110
0.0
120
0.0
130
0.0
111
1.0
121
0.0
131
0.0
112
0.0
122
1.0
132
0.0
 79
     0
146
0.0
170
     0
  0
ENDSEC
  0
SECTION
  2
OBJECTS
  0
DICTIONARY
  5
C
330
0
100
AcDbDictionary
281
     1
  3
ACAD_DETAILVIEWSTYLE
350
2AF
  3
ACAD_GROUP
350
D
  3
ACAD_LAYOUT
350
1A
  3
ACAD_MATERIAL
350
43
  3
ACAD_MLEADERSTYLE
350
5B
  3
ACAD_MLINESTYLE
350
17
  3
ACAD_PLOTSETTINGS
350
19
  3
ACAD_PLOTSTYLENAME
350
E
  3
ACAD_SCALELIST
350
47
  3
ACAD_SECTIONVIEWSTYLE
350
2B0
  3
ACAD_TABLESTYLE
350
59
  3
ACAD_VISUALSTYLE
350
2A
  3
ACDB_RECOMPOSE_DATA
350
2AC
  3
AcDbVariableDictionary
350
26C
  0
DICTIONARY
  5
26A
330
8
100
AcDbDictionary
280
     1
281
     1
  3
ACAD_XREC_ROUNDTRIP
360
26B
  0
DICTIONARY
  5
266
330
25F
100
AcDbDictionary
280
     1
281
     1
  3
ACAD_XREC_ROUNDTRIP
360
267
  0
DICTIONARY
  5
268
330
261
100
AcDbDictionary
280
     1
281
     1
  3
ACAD_XREC_ROUNDTRIP
360
269
  0
DICTIONARY
  5
2AF
102
{ACAD_REACTORS
330
C
102
}
330
C
100
AcDbDictionary
281
     1
  0
DICTIONARY
  5
D
102
{ACAD_REACTORS
330
C
102
}
330
C
100
AcDbDictionary
281
     1
  0
DICTIONARY
  5
1A
102
{ACAD_REACTORS
330
C
102
}
330
C
100
AcDbDictionary
281
     1
  3
Layout1
350
1E
  3
Layout4
350
25C
  3
Model
350
22
  0
DICTIONARY
  5
43
102
{ACAD_REACTORS
330
C
102
}
330
C
100
AcDbDictionary
281
     1
  3
ByBlock
350
45
  3
ByLayer
350
44
  3
Global
350
46
  0
DICTIONARY
  5
5B
102
{ACAD_REACTORS
330
C
102
}
330
C
100
AcDbDictionary
281
     1
  3
Standard
350
5C
  0
DICTIONARY
  5
17
102
{ACAD_REACTORS
330
C
102
}
330
C
100
AcDbDictionary
281
     1
  3
Standard
350
18
  0
DICTIONARY
  5
19
102
{ACAD_REACTORS
330
C
102
}
330
C
100
AcDbDictionary
281
     1
  0
ACDBDICTIONARYWDFLT
  5
E
102
{ACAD_REACTORS
330
C
102
}
330
C
100
AcDbDictionary
281
     1
  3
Normal
350
F
100
AcDbDictionaryWithDefault
340
F
  0
DICTIONARY
  5
47
102
{ACAD_REACTORS
330
C
102
}
330
C
100
AcDbDictionary
281
     1
  3
A0
350
48
  3
A1
350
49
  3
A2
350
4A
  3
A3
350
4B
  3
A4
350
4C
  3
A5
350
4D
  3
A6
350
4E
  3
A7
350
4F
  3
A8
350
50
  3
A9
350
51
  3
B0
350
52
  3
B1
350
53
  3
B2
350
54
  3
B3
350
55
  3
B4
350
56
  3
B5
350
57
  3
B6
350
58
  0
DICTIONARY
  5
2B0
102
{ACAD_REACTORS
330
C
102
}
330
C
100
AcDbDictionary
281
     1
  0
DICTIONARY
  5
59
102
{ACAD_REACTORS
330
C
102
}
330
C
100
AcDbDictionary
281
     1
  3
Standard
350
5A
  0
DICTIONARY
  5
2A
102
{ACAD_REACTORS
330
C
102
}
330
C
100
AcDbDictionary
281
     1
  3
2dWireframe
350
2F
  3
Basic
350
32
  3
Brighten
350
36
  3
ColorChange
350
3A
  3
Conceptual
350
34
  3
Dim
350
35
  3
EdgeColorOff
350
3D
  3
Facepattern
350
39
  3
Flat
350
2B
  3
FlatWithEdges
350
2C
  3
Gouraud
350
2D
  3
GouraudWithEdges
350
2E
  3
Hidden
350
31
  3
JitterOff
350
3B
  3
Linepattern
350
38
  3
OverhangOff
350
3C
  3
Realistic
350
33
  3
Shaded
350
42
  3
Shaded with edges
350
41
  3
Shades of Gray
350
3E
  3
Sketchy
350
3F
  3
Thicken
350
37
  3
Wireframe
350
30
  3
X-Ray
350
40
  0
XRECORD
  5
2AC
102
{ACAD_REACTORS
330
C
102
}
330
C
100
AcDbXrecord
280
     1
 90
        1
330
5A
  0
DICTIONARY
  5
26C
102
{ACAD_REACTORS
330
C
102
}
330
C
100
AcDbDictionary
281
     1
  3
CANNOSCALE
350
26D
  3
CENTEREXE
350
2B1
  3
CENTERLTYPEFILE
350
2B2
  3
CMLEADERSTYLE
350
2AE
  3
CTABLESTYLE
350
2AD
  3
MSLTSCALE
350
26E
  3
XCLIPFRAME
350
26F
  0
XRECORD
  5
26B
102
{ACAD_REACTORS
330
26A
102
}
330
26A
100
AcDbXrecord
280
     1
102
VTR_0.000_0.000_1.000_1.000_VISUALSTYLE
340
2F
102
VTR_0.000_0.000_1.000_1.000_GRIDDISPLAY
 70
     3
102
VTR_0.000_0.000_1.000_1.000_GRIDMAJOR
 70
     5
102
VTR_0.000_0.000_1.000_1.000_DEFAULTLIGHTING
280
     1
102
VTR_0.000_0.000_1.000_1.000_DEFAULTLIGHTINGTYPE
 70
     1
102
VTR_0.000_0.000_1.000_1.000_BRIGHTNESS
141
0.0
102
VTR_0.000_0.000_1.000_1.000_CONTRAST
142
0.0
  0
XRECORD
  5
267
102
{ACAD_REACTORS
330
266
102
}
330
266
100
AcDbXrecord
280
     1
102
VISUALSTYLE
340
2F
102
GRIDDISPLAY
 70
     2
102
GRIDMAJOR
 70
     5
102
DEFAULTLIGHTING
280
     1
102
DEFAULTLIGHTINGTYPE
 70
     1
102
BRIGHTNESS
141
0.0
102
CONTRAST
142
0.0
  0
XRECORD
  5
269
102
{ACAD_REACTORS
330
268
102
}
330
268
100
AcDbXrecord
280
     1
102
VISUALSTYLE
340
2F
102
GRIDDISPLAY
 70
     2
102
GRIDMAJOR
 70
     5
102
DEFAULTLIGHTING
280
     1
102
DEFAULTLIGHTINGTYPE
 70
     1
102
BRIGHTNESS
141
0.0
102
CONTRAST
142
0.0
  0
LAYOUT
  5
1E
102
{ACAD_REACTORS
330
1A
102
}
330
1A
100
AcDbPlotSettings
  1

  2
none_device
  4

  6

 40
0.0
 41
0.0
 42
0.0
 43
0.0
 44
0.0
 45
0.0
 46
0.0
 47
0.0
 48
0.0
 49
0.0
140
0.0
141
0.0
142
1.0
143
1.0
 70
   688
 72
     1
 73
     0
 74
     5
  7

 75
    16
 76
     0
 77
     2
 78
   300
147
1.0
148
0.0
149
0.0
100
AcDbLayout
  1
Layout1
 70
     1
 71
     1
 10
0.0
 20
0.0
 11
420.0
 21
297.0
 12
0.0
 22
0.0
 32
0.0
 14
1.000000000000000E+20
 24
1.000000000000000E+20
 34
1.000000000000000E+20
 15
-1.000000000000000E+20
 25
-1.000000000000000E+20
 35
-1.000000000000000E+20
146
0.0
 13
0.0
 23
0.0
 33
0.0
 16
1.0
 26
0.0
 36
0.0
 17
0.0
 27
1.0
 37
0.0
 76
     0
330
1B
  0
LAYOUT
  5
25C
102
{ACAD_REACTORS
330
1A
102
}
330
1A
100
AcDbPlotSettings
  1

  2
none_device
  4
ISO_A3_(420.00_x_297.00_MM)
  6

 40
7.5
 41
20.0
 42
7.5
 43
20.0
 44
420.0
 45
297.0
 46
0.0
 47
0.0
 48
0.0
 49
0.0
140
0.0
141
0.0
142
1.0
143
1.0
 70
   688
 72
     1
 73
     0
 74
     5
  7

 75
     0
 76
     0
 77
     2
 78
   300
147
1.0
148
0.0
149
0.0
100
AcDbLayout
  1
Layout4
 70
     1
 71
     2
 10
0.0
 20
0.0
 11
0.0
 21
0.0
 12
0.0
 22
0.0
 32
0.0
 14
0.0
 24
0.0
 34
0.0
 15
0.0
 25
0.0
 35
0.0
146
0.0
 13
0.0
 23
0.0
 33
0.0
 16
1.0
 26
0.0
 36
0.0
 17
0.0
 27
1.0
 37
0.0
 76
     0
330
25B
331
25F
  0
LAYOUT
  5
22
102
{ACAD_REACTORS
330
1A
102
}
330
1A
100
AcDbPlotSettings
  1

  2
none_device
  4
Letter_(8.50_x_11.00_Inches)
  6

 40
6.35
 41
6.35
 42
6.35000508
 43
6.35000508
 44
215.9
 45
279.4
 46
0.0
 47
0.0
 48
0.0
 49
0.0
140
0.0
141
0.0
142
1.0
143
1.0
 70
  1712
 72
     1
 73
     0
 74
     0
  7

 75
     0
 76
     0
 77
     2
 78
   300
147
1.0
148
0.0
149
0.0
100
AcDbLayout
  1
Model
 70
     1
 71
     0
 10
0.0
 20
0.0
 11
603.7059117278535
 21
297.0
 12
0.0
 22
0.0
 32
0.0
 14
0.0
 24
0.0
 34
0.0
 15
603.7059117278535
 25
297.0
 35
0.0
146
0.0
 13
0.0
 23
0.0
 33
0.0
 16
1.0
 26
0.0
 36
0.0
 17
0.0
 27
1.0
 37
0.0
 76
     0
330
1F
331
29
  0
MATERIAL
  5
45
102
{ACAD_REACTORS
330
43
102
}
102
{ACAD_XDICTIONARY
360
2A2
102
}
330
43
100
AcDbMaterial
  1
ByBlock
  0
MATERIAL
  5
44
102
{ACAD_REACTORS
330
43
102
}
102
{ACAD_XDICTIONARY
360
2A0
102
}
330
43
100
AcDbMaterial
  1
ByLayer
  0
MATERIAL
  5
46
102
{ACAD_REACTORS
330
43
102
}
102
{ACAD_XDICTIONARY
360
2A4
102
}
330
43
100
AcDbMaterial
  1
Global
  0
MLEADERSTYLE
  5
5C
102
{ACAD_REACTORS
330
5B
102
}
102
{ACAD_XDICTIONARY
360
2AA
102
}
330
5B
100
AcDbMLeaderStyle
170
     2
171
     1
172
     0
 90
        2
 40
0.0
 41
0.0
173
     1
 91
-1056964608
340
14
 92
       -2
290
     1
 42
2.0
291
     1
 43
8.0
  3
Standard
341
0
 44
4.0
300

342
11
174
     1
178
     6
175
     1
176
     0
 93
-1056964608
 45
4.0
292
     0
297
     0
 46
4.0
343
0
 94
-1056964608
 47
1.0
 49
1.0
140
1.0
293
     1
141
0.0
294
     1
177
     0
142
1.0
295
     0
296
     0
143
3.75
1001
ACAD_MLEADERVER
1070
     2
  0
MLINESTYLE
  5
18
102
{ACAD_REACTORS
330
17
102
}
330
17
100
AcDbMlineStyle
  2
Standard
 70
     0
  3

 62
   256
 51
90.0
 52
90.0
 71
     2
 49
0.5
 62
   256
  6
BYLAYER
 49
-0.5
 62
   256
  6
BYLAYER
  0
ACDBPLACEHOLDER
  5
F
102
{ACAD_REACTORS
330
E
102
}
330
E
  0
SCALE
  5
48
102
{ACAD_REACTORS
330
47
102
}
330
47
100
AcDbScale
 70
     0
300
1:1
140
1.0
141
1.0
290
     1
  0
SCALE
  5
49
102
{ACAD_REACTORS
330
47
102
}
330
47
100
AcDbScale
 70
     0
300
1:2
140
1.0
141
2.0
290
     0
  0
SCALE
  5
4A
102
{ACAD_REACTORS
330
47
102
}
330
47
100
AcDbScale
 70
     0
300
1:4
140
1.0
141
4.0
290
     0
  0
SCALE
  5
4B
102
{ACAD_REACTORS
330
47
102
}
330
47
100
AcDbScale
 70
     0
300
1:5
140
1.0
141
5.0
290
     0
  0
SCALE
  5
4C
102
{ACAD_REACTORS
330
47
102
}
330
47
100
AcDbScale
 70
     0
300
1:8
140
1.0
141
8.0
290
     0
  0
SCALE
  5
4D
102
{ACAD_REACTORS
330
47
102
}
330
47
100
AcDbScale
 70
     0
300
1:10
140
1.0
141
10.0
290
     0
  0
SCALE
  5
4E
102
{ACAD_REACTORS
330
47
102
}
330
47
100
AcDbScale
 70
     0
300
1:16
140
1.0
141
16.0
290
     0
  0
SCALE
  5
4F
102
{ACAD_REACTORS
330
47
102
}
330
47
100
AcDbScale
 70
     0
300
1:20
140
1.0
141
20.0
290
     0
  0
SCALE
  5
50
102
{ACAD_REACTORS
330
47
102
}
330
47
100
AcDbScale
 70
     0
300
1:30
140
1.0
141
30.0
290
     0
  0
SCALE
  5
51
102
{ACAD_REACTORS
330
47
102
}
330
47
100
AcDbScale
 70
     0
300
1:40
140
1.0
141
40.0
290
     0
  0
SCALE
  5
52
102
{ACAD_REACTORS
330
47
102
}
330
47
100
AcDbScale
 70
     0
300
1:50
140
1.0
141
50.0
290
     0
  0
SCALE
  5
53
102
{ACAD_REACTORS
330
47
102
}
330
47
100
AcDbScale
 70
     0
300
1:100
140
1.0
141
100.0
290
     0
  0
SCALE
  5
54
102
{ACAD_REACTORS
330
47
102
}
330
47
100
AcDbScale
 70
     0
300
2:1
140
2.0
141
1.0
290
     0
  0
SCALE
  5
55
102
{ACAD_REACTORS
330
47
102
}
330
47
100
AcDbScale
 70
     0
300
4:1
140
4.0
141
1.0
290
     0
  0
SCALE
  5
56
102
{ACAD_REACTORS
330
47
102
}
330
47
100
AcDbScale
 70
     0
300
8:1
140
8.0
141
1.0
290
     0
  0
SCALE
  5
57
102
{ACAD_REACTORS
330
47
102
}
330
47
100
AcDbScale
 70
     0
300
10:1
140
10.0
141
1.0
290
     0
  0
SCALE
  5
58
102
{ACAD_REACTORS
330
47
102
}
330
47
100
AcDbScale
 70
     0
300
100:1
140
100.0
141
1.0
290
     0
  0
TABLESTYLE
  5
5A
102
{ACAD_REACTORS
330
59
102
}
102
{ACAD_XDICTIONARY
360
2A6
102
}
330
59
100
AcDbTableStyle
  3
Standard
 70
     0
 71
     0
 40
0.06
 41
0.06
280
     0
281
     0
  7
Standard
140
4.5
170
     2
 62
     0
 63
   257
283
     0
274
    -2
284
     1
 64
     0
275
    -2
285
     1
 65
     0
276
    -2
286
     1
 66
     0
277
    -2
287
     1
 67
     0
278
    -2
288
     1
 68
     0
279
    -2
289
     1
 69
     0
  7
Standard
140
6.0
170
     5
 62
     0
 63
   257
283
     0
274
    -2
284
     1
 64
     0
275
    -2
285
     1
 65
     0
276
    -2
286
     1
 66
     0
277
    -2
287
     1
 67
     0
278
    -2
288
     1
 68
     0
279
    -2
289
     1
 69
     0
  7
Standard
140
4.5
170
     5
 62
     0
 63
   257
283
     0
274
    -2
284
     1
 64
     0
275
    -2
285
     1
 65
     0
276
    -2
286
     1
 66
     0
277
    -2
287
     1
 67
     0
278
    -2
288
     1
 68
     0
279
    -2
289
     1
 69
     0
  0
VISUALSTYLE
  5
2F
102
{ACAD_REACTORS
330
2A
102
}
102
{ACAD_XDICTIONARY
360
278
102
}
330
2A
100
AcDbVisualStyle
  2
2dWireframe
 70
     4
 71
     0
 72
     2
 73
     0
 90
        0
 40
0.6
 41
30.0
 62
     5
 63
     7
421
 16777215
 74
     1
 91
        4
 64
     7
 65
   257
 75
     1
175
     1
 42
1.0
 92
        0
 66
   257
 43
1.0
 76
     1
 77
     6
 78
     2
 67
     7
 79
     5
170
     0
171
     0
290
     0
174
     0
 93
        1
 44
0.0
173
     0
291
     0
 45
0.0
1001
ACAD
1000
AcDbSavedByObjectVersion
1070
     0
  0
VISUALSTYLE
  5
32
102
{ACAD_REACTORS
330
2A
102
}
102
{ACAD_XDICTIONARY
360
27E
102
}
330
2A
100
AcDbVisualStyle
  2
Basic
 70
     7
 71
     1
 72
     0
 73
     1
 90
        0
 40
0.6
 41
30.0
 62
     5
 63
     7
421
 16777215
 74
     0
 91
        4
 64
     7
 65
   257
 75
     1
175
     1
 42
1.0
 92
        8
 66
     7
 43
1.0
 76
     1
 77
     6
 78
     2
 67
     7
 79
     5
170
     0
171
     0
290
     0
174
     0
 93
        1
 44
0.0
173
     0
291
     1
 45
0.0
1001
ACAD
1000
AcDbSavedByObjectVersion
1070
     0
  0
VISUALSTYLE
  5
36
102
{ACAD_REACTORS
330
2A
102
}
102
{ACAD_XDICTIONARY
360
286
102
}
330
2A
100
AcDbVisualStyle
  2
Brighten
 70
    12
 71
     2
 72
     2
 73
     0
 90
        0
 40
0.6
 41
30.0
 62
     5
 63
     7
421
 16777215
 74
     1
 91
        4
 64
     7
 65
   257
 75
     1
175
     1
 42
1.0
 92
        8
 66
     7
 43
1.0
 76
     1
 77
     6
 78
     2
 67
     7
 79
     5
170
     0
171
     0
290
     0
174
     0
 93
        1
 44
50.0
173
     0
291
     1
 45
0.0
1001
ACAD
1000
AcDbSavedByObjectVersion
1070
     0
  0
VISUALSTYLE
  5
3A
102
{ACAD_REACTORS
330
2A
102
}
102
{ACAD_XDICTIONARY
360
28E
102
}
330
2A
100
AcDbVisualStyle
  2
ColorChange
 70
    16
 71
     2
 72
     2
 73
     3
 90
        0
 40
0.6
 41
30.0
 62
     5
 63
     8
421
  8421504
 74
     1
 91
        4
 64
     7
 65
   257
 75
     1
175
     1
 42
1.0
 92
        8
 66
     8
424
  8421504
 43
1.0
 76
     1
 77
     6
 78
     2
 67
     7
 79
     5
170
     0
171
     0
290
     0
174
     0
 93
        1
 44
0.0
173
     0
291
     1
 45
0.0
1001
ACAD
1000
AcDbSavedByObjectVersion
1070
     0
  0
VISUALSTYLE
  5
34
102
{ACAD_REACTORS
330
2A
102
}
102
{ACAD_XDICTIONARY
360
282
102
}
330
2A
100
AcDbVisualStyle
  2
Conceptual
 70
     9
 71
     3
 72
     2
 73
     0
 90
        0
 40
0.6
 41
30.0
 62
     5
 63
     7
421
 16777215
 74
     2
 91
        2
 64
     7
 65
   257
 75
     1
175
     1
 42
179.0
 92
        8
 66
     7
 43
1.0
 76
     1
 77
     6
 78
     2
 67
     7
 79
     3
170
     0
171
     0
290
     0
174
     0
 93
        1
 44
0.0
173
     0
291
     0
 45
0.0
1001
ACAD
1000
AcDbSavedByObjectVersion
1070
     0
  0
VISUALSTYLE
  5
35
102
{ACAD_REACTORS
330
2A
102
}
102
{ACAD_XDICTIONARY
360
284
102
}
330
2A
100
AcDbVisualStyle
  2
Dim
 70
    11
 71
     2
 72
     2
 73
     0
 90
        0
 40
0.6
 41
30.0
 62
     5
 63
     7
421
 16777215
 74
     1
 91
        4
 64
     7
 65
   257
 75
     1
175
     1
 42
1.0
 92
        8
 66
     7
 43
1.0
 76
     1
 77
     6
 78
     2
 67
     7
 79
     5
170
     0
171
     0
290
     0
174
     0
 93
        1
 44
-50.0
173
     0
291
     1
 45
0.0
1001
ACAD
1000
AcDbSavedByObjectVersion
1070
     0
  0
VISUALSTYLE
  5
3D
102
{ACAD_REACTORS
330
2A
102
}
102
{ACAD_XDICTIONARY
360
294
102
}
330
2A
100
AcDbVisualStyle
  2
EdgeColorOff
 70
    22
 71
     2
 72
     2
 73
     0
 90
        0
 40
0.6
 41
30.0
 62
     5
 63
     7
421
 16777215
 74
     1
 91
        4
 64
     7
 65
   257
 75
     1
175
     1
 42
1.0
 92
        8
 66
     7
 43
1.0
 76
     1
 77
     6
 78
     2
 67
     7
 79
     5
170
     0
171
     0
290
     0
174
     0
 93
        1
 44
0.0
173
     0
291
     1
 45
0.0
1001
ACAD
1000
AcDbSavedByObjectVersion
1070
     0
  0
VISUALSTYLE
  5
39
102
{ACAD_REACTORS
330
2A
102
}
102
{ACAD_XDICTIONARY
360
28C
102
}
330
2A
100
AcDbVisualStyle
  2
Facepattern
 70
    15
 71
     2
 72
     2
 73
     0
 90
        0
 40
0.6
 41
30.0
 62
     5
 63
     7
421
 16777215
 74
     1
 91
        4
 64
     7
 65
   257
 75
     1
175
     1
 42
1.0
 92
        8
 66
     7
 43
1.0
 76
     1
 77
     6
 78
     2
 67
     7
 79
     5
170
     0
171
     0
290
     0
174
     0
 93
        1
 44
0.0
173
     0
291
     1
 45
0.0
1001
ACAD
1000
AcDbSavedByObjectVersion
1070
     0
  0
VISUALSTYLE
  5
2B
102
{ACAD_REACTORS
330
2A
102
}
102
{ACAD_XDICTIONARY
360
270
102
}
330
2A
100
AcDbVisualStyle
  2
Flat
 70
     0
 71
     2
 72
     1
 73
     1
 90
        2
 40
0.6
 41
30.0
 62
     5
 63
     7
421
 16777215
 74
     0
 91
        0
 64
     7
 65
   257
 75
     1
175
     1
 42
1.0
 92
        8
 66
     7
 43
1.0
 76
     1
 77
     6
 78
     2
 67
     7
 79
     5
170
     0
171
     0
290
     0
174
     0
 93
       13
 44
0.0
173
     0
291
     1
 45
0.0
1001
ACAD
1000
AcDbSavedByObjectVersion
1070
     0
  0
VISUALSTYLE
  5
2C
102
{ACAD_REACTORS
330
2A
102
}
102
{ACAD_XDICTIONARY
360
272
102
}
330
2A
100
AcDbVisualStyle
  2
FlatWithEdges
 70
     1
 71
     2
 72
     1
 73
     1
 90
        2
 40
0.6
 41
30.0
 62
     5
 63
     7
421
 16777215
 74
     1
 91
        0
 64
     7
 65
   257
 75
     1
175
     1
 42
1.0
 92
        0
 66
   257
 43
1.0
 76
     1
 77
     6
 78
     2
 67
     7
 79
     5
170
     0
171
     0
290
     0
174
     0
 93
       13
 44
0.0
173
     0
291
     1
 45
0.0
1001
ACAD
1000
AcDbSavedByObjectVersion
1070
     0
  0
VISUALSTYLE
  5
2D
102
{ACAD_REACTORS
330
2A
102
}
102
{ACAD_XDICTIONARY
360
274
102
}
330
2A
100
AcDbVisualStyle
  2
Gouraud
 70
     2
 71
     2
 72
     2
 73
     1
 90
        2
 40
0.6
 41
30.0
 62
     5
 63
     7
421
 16777215
 74
     0
 91
        0
 64
     7
 65
   257
 75
     1
175
     1
 42
1.0
 92
        0
 66
     7
 43
1.0
 76
     1
 77
     6
 78
     2
 67
     7
 79
     5
170
     0
171
     0
290
     0
174
     0
 93
       13
 44
0.0
173
     0
291
     1
 45
0.0
1001
ACAD
1000
AcDbSavedByObjectVersion
1070
     0
  0
VISUALSTYLE
  5
2E
102
{ACAD_REACTORS
330
2A
102
}
102
{ACAD_XDICTIONARY
360
276
102
}
330
2A
100
AcDbVisualStyle
  2
GouraudWithEdges
 70
     3
 71
     2
 72
     2
 73
     1
 90
        2
 40
0.6
 41
30.0
 62
     5
 63
     7
421
 16777215
 74
     1
 91
        0
 64
     7
 65
   257
 75
     1
175
     1
 42
1.0
 92
        0
 66
   257
 43
1.0
 76
     1
 77
     6
 78
     2
 67
     7
 79
     5
170
     0
171
     0
290
     0
174
     0
 93
       13
 44
0.0
173
     0
291
     1
 45
0.0
1001
ACAD
1000
AcDbSavedByObjectVersion
1070
     0
  0
VISUALSTYLE
  5
31
102
{ACAD_REACTORS
330
2A
102
}
102
{ACAD_XDICTIONARY
360
27C
102
}
330
2A
100
AcDbVisualStyle
  2
Hidden
 70
     6
 71
     1
 72
     2
 73
     2
 90
        0
 40
0.6
 41
30.0
 62
     5
 63
     7
421
 16777215
 74
     2
 91
        2
 64
     7
 65
   257
 75
     2
175
     1
 42
40.0
 92
        0
 66
   257
 43
1.0
 76
     1
 77
     6
 78
     2
 67
     7
 79
     3
170
     0
171
     0
290
     0
174
     0
 93
        1
 44
0.0
173
     0
291
     0
 45
0.0
1001
ACAD
1000
AcDbSavedByObjectVersion
1070
     0
  0
VISUALSTYLE
  5
3B
102
{ACAD_REACTORS
330
2A
102
}
102
{ACAD_XDICTIONARY
360
290
102
}
330
2A
100
AcDbVisualStyle
  2
JitterOff
 70
    20
 71
     2
 72
     2
 73
     0
 90
        0
 40
0.6
 41
30.0
 62
     5
 63
     7
421
 16777215
 74
     1
 91
        4
 64
     7
 65
   257
 75
     1
175
     1
 42
1.0
 92
       10
 66
     7
 43
1.0
 76
     1
 77
     6
 78
     2
 67
     7
 79
     5
170
     0
171
     0
290
     0
174
     0
 93
        1
 44
0.0
173
     0
291
     1
 45
0.0
1001
ACAD
1000
AcDbSavedByObjectVersion
1070
     0
  0
VISUALSTYLE
  5
38
102
{ACAD_REACTORS
330
2A
102
}
102
{ACAD_XDICTIONARY
360
28A
102
}
330
2A
100
AcDbVisualStyle
  2
Linepattern
 70
    14
 71
     2
 72
     2
 73
     0
 90
        0
 40
0.6
 41
30.0
 62
     5
 63
     7
421
 16777215
 74
     1
 91
        4
 64
     7
 65
   257
 75
     7
175
     7
 42
1.0
 92
        8
 66
     7
 43
1.0
 76
     1
 77
     6
 78
     2
 67
     7
 79
     5
170
     0
171
     0
290
     0
174
     0
 93
        1
 44
0.0
173
     0
291
     1
 45
0.0
1001
ACAD
1000
AcDbSavedByObjectVersion
1070
     0
  0
VISUALSTYLE
  5
3C
102
{ACAD_REACTORS
330
2A
102
}
102
{ACAD_XDICTIONARY
360
292
102
}
330
2A
100
AcDbVisualStyle
  2
OverhangOff
 70
    21
 71
     2
 72
     2
 73
     0
 90
        0
 40
0.6
 41
30.0
 62
     5
 63
     7
421
 16777215
 74
     1
 91
        4
 64
     7
 65
   257
 75
     1
175
     1
 42
1.0
 92
        9
 66
     7
 43
1.0
 76
     1
 77
     6
 78
     2
 67
     7
 79
     5
170
     0
171
     0
290
     0
174
     0
 93
        1
 44
0.0
173
     0
291
     1
 45
0.0
1001
ACAD
1000
AcDbSavedByObjectVersion
1070
     0
  0
VISUALSTYLE
  5
33
102
{ACAD_REACTORS
330
2A
102
}
102
{ACAD_XDICTIONARY
360
280
102
}
330
2A
100
AcDbVisualStyle
  2
Realistic
 70
     8
 71
     2
 72
     3
 73
     0
 90
        2
 40
0.6
 41
30.0
 62
     5
 63
     7
421
 16777215
 74
     0
 91
        0
 64
     7
 65
   257
 75
     1
175
     1
 42
1.0
 92
        8
 66
   257
 43
1.0
 76
     1
 77
     6
 78
     2
 67
     7
 79
     3
170
     0
171
     0
290
     0
174
     0
 93
       13
 44
0.0
173
     0
291
     0
 45
0.0
1001
ACAD
1000
AcDbSavedByObjectVersion
1070
     0
  0
VISUALSTYLE
  5
42
102
{ACAD_REACTORS
330
2A
102
}
102
{ACAD_XDICTIONARY
360
29E
102
}
330
2A
100
AcDbVisualStyle
  2
Shaded
 70
    27
 71
     2
 72
     2
 73
     1
 90
        2
 40
0.6
 41
30.0
 62
     5
 63
     7
421
 16777215
 74
     0
 91
        4
 64
     7
 65
   257
 75
     1
175
     1
 42
1.0
 92
        8
 66
   257
 43
1.0
 76
     1
 77
     6
 78
     2
 67
     8
425
  7895160
 79
     3
170
     0
171
     0
290
     0
174
     0
 93
        5
 44
0.0
173
     0
291
     0
 45
0.0
1001
ACAD
1000
AcDbSavedByObjectVersion
1070
     0
  0
VISUALSTYLE
  5
41
102
{ACAD_REACTORS
330
2A
102
}
102
{ACAD_XDICTIONARY
360
29C
102
}
330
2A
100
AcDbVisualStyle
  2
Shaded with edges
 70
    26
 71
     2
 72
     2
 73
     1
 90
        2
 40
0.6
 41
30.0
 62
     5
 63
     7
421
 16777215
 74
     1
 91
       10
 64
     7
 65
   257
 75
     2
175
     1
 42
1.0
 92
        8
 66
   257
 43
1.0
 76
     1
 77
     6
 78
     2
 67
     7
 79
     3
170
     0
171
     0
290
     0
174
     0
 93
        5
 44
0.0
173
     0
291
     0
 45
0.0
1001
ACAD
1000
AcDbSavedByObjectVersion
1070
     0
  0
VISUALSTYLE
  5
3E
102
{ACAD_REACTORS
330
2A
102
}
102
{ACAD_XDICTIONARY
360
296
102
}
330
2A
100
AcDbVisualStyle
  2
Shades of Gray
 70
    23
 71
     2
 72
     2
 73
     3
 90
        0
 40
0.6
 41
30.0
 62
     5
 63
     7
421
 16777215
 74
     2
 91
        2
 64
     7
 65
     7
 75
     1
175
     1
 42
40.0
 92
        8
 66
     7
 43
1.0
 76
     1
 77
     6
 78
     2
 67
     7
 79
     3
170
     0
171
     0
290
     0
174
     0
 93
        1
 44
0.0
173
     0
291
     0
 45
0.0
1001
ACAD
1000
AcDbSavedByObjectVersion
1070
     0
  0
VISUALSTYLE
  5
3F
102
{ACAD_REACTORS
330
2A
102
}
102
{ACAD_XDICTIONARY
360
298
102
}
330
2A
100
AcDbVisualStyle
  2
Sketchy
 70
    24
 71
     1
 72
     2
 73
     2
 90
        0
 40
0.6
 41
30.0
 62
     5
 63
     7
421
 16777215
 74
     2
 91
        2
 64
     7
 65
     7
 75
     1
175
     1
 42
40.0
 92
       11
 66
     7
 43
1.0
 76
     1
 77
     6
 78
     2
 67
     7
 79
     6
170
     0
171
     0
290
     0
174
     0
 93
        1
 44
0.0
173
     0
291
     0
 45
0.0
1001
ACAD
1000
AcDbSavedByObjectVersion
1070
     0
  0
VISUALSTYLE
  5
37
102
{ACAD_REACTORS
330
2A
102
}
102
{ACAD_XDICTIONARY
360
288
102
}
330
2A
100
AcDbVisualStyle
  2
Thicken
 70
    13
 71
     2
 72
     2
 73
     0
 90
        0
 40
0.6
 41
30.0
 62
     5
 63
     7
421
 16777215
 74
     1
 91
        4
 64
     7
 65
   257
 75
     1
175
     1
 42
1.0
 92
       12
 66
     7
 43
1.0
 76
     1
 77
     6
 78
     2
 67
     7
 79
     5
170
     0
171
     0
290
     0
174
     0
 93
        1
 44
0.0
173
     0
291
     1
 45
0.0
1001
ACAD
1000
AcDbSavedByObjectVersion
1070
     0
  0
VISUALSTYLE
  5
30
102
{ACAD_REACTORS
330
2A
102
}
102
{ACAD_XDICTIONARY
360
27A
102
}
330
2A
100
AcDbVisualStyle
  2
Wireframe
 70
     5
 71
     0
 72
     2
 73
     0
 90
        0
 40
0.6
 41
30.0
 62
     5
 63
     7
421
 16777215
 74
     1
 91
        4
 64
     7
 65
   257
 75
     1
175
     1
 42
1.0
 92
        0
 66
   257
 43
1.0
 76
     1
 77
     6
 78
     2
 67
     7
 79
     3
170
     0
171
     0
290
     0
174
     0
 93
        1
 44
0.0
173
     0
291
     0
 45
0.0
1001
ACAD
1000
AcDbSavedByObjectVersion
1070
     0
  0
VISUALSTYLE
  5
40
102
{ACAD_REACTORS
330
2A
102
}
102
{ACAD_XDICTIONARY
360
29A
102
}
330
2A
100
AcDbVisualStyle
  2
X-Ray
 70
    25
 71
     2
 72
     2
 73
     1
 90
        1
 40
0.5
 41
30.0
 62
     5
 63
     7
421
 16777215
 74
     1
 91
        0
 64
     7
 65
   257
 75
     1
175
     1
 42
1.0
 92
        8
 66
     7
 43
1.0
 76
     1
 77
     6
 78
     2
 67
     7
 79
     3
170
     0
171
     0
290
     0
174
     0
 93
       13
 44
0.0
173
     0
291
     0
 45
0.0
1001
ACAD
1000
AcDbSavedByObjectVersion
1070
     0
  0
DICTIONARYVAR
  5
26D
102
{ACAD_REACTORS
330
26C
102
}
330
26C
100
DictionaryVariables
280
     0
  1
1:1
  0
DICTIONARYVAR
  5
2B1
102
{ACAD_REACTORS
330
26C
102
}
330
26C
100
DictionaryVariables
280
     0
  1
3.500000
  0
DICTIONARYVAR
  5
2B2
102
{ACAD_REACTORS
330
26C
102
}
330
26C
100
DictionaryVariables
280
     0
  1
acadiso.lin
  0
DICTIONARYVAR
  5
2AE
102
{ACAD_REACTORS
330
26C
102
}
330
26C
100
DictionaryVariables
280
     0
  1
Standard
  0
DICTIONARYVAR
  5
2AD
102
{ACAD_REACTORS
330
26C
102
}
330
26C
100
DictionaryVariables
280
     0
  1
Standard
  0
DICTIONARYVAR
  5
26E
102
{ACAD_REACTORS
330
26C
102
}
330
26C
100
DictionaryVariables
280
     0
  1
1
  0
DICTIONARYVAR
  5
26F
102
{ACAD_REACTORS
330
26C
102
}
330
26C
100
DictionaryVariables
280
     0
  1
2
  0
DICTIONARY
  5
2A2
330
45
100
AcDbDictionary
280
     1
281
     1
  3
ACAD_XREC_ROUNDTRIP
360
2A3
  0
DICTIONARY
  5
2A0
330
44
100
AcDbDictionary
280
     1
281
     1
  3
ACAD_XREC_ROUNDTRIP
360
2A1
  0
DICTIONARY
  5
2A4
330
46
100
AcDbDictionary
280
     1
281
     1
  3
ACAD_XREC_ROUNDTRIP
360
2A5
  0
DICTIONARY
  5
2AA
330
5C
100
AcDbDictionary
280
     1
281
     1
  3
ACAD_XREC_ROUNDTRIP
360
2AB
  0
DICTIONARY
  5
2A6
330
5A
100
AcDbDictionary
280
     1
281
     1
  3
ACAD_ROUNDTRIP_2008_TABLESTYLE_CELLSTYLEMAP
360
2A8
  3
ACAD_XREC_ROUNDTRIP
360
2A7
  0
DICTIONARY
  5
278
330
2F
100
AcDbDictionary
280
     1
281
     1
  3
ACAD_XREC_ROUNDTRIP
360
279
  0
DICTIONARY
  5
27E
330
32
100
AcDbDictionary
280
     1
281
     1
  3
ACAD_XREC_ROUNDTRIP
360
27F
  0
DICTIONARY
  5
286
330
36
100
AcDbDictionary
280
     1
281
     1
  3
ACAD_XREC_ROUNDTRIP
360
287
  0
DICTIONARY
  5
28E
330
3A
100
AcDbDictionary
280
     1
281
     1
  3
ACAD_XREC_ROUNDTRIP
360
28F
  0
DICTIONARY
  5
282
330
34
100
AcDbDictionary
280
     1
281
     1
  3
ACAD_XREC_ROUNDTRIP
360
283
  0
DICTIONARY
  5
284
330
35
100
AcDbDictionary
280
     1
281
     1
  3
ACAD_XREC_ROUNDTRIP
360
285
  0
DICTIONARY
  5
294
330
3D
100
AcDbDictionary
280
     1
281
     1
  3
ACAD_XREC_ROUNDTRIP
360
295
  0
DICTIONARY
  5
28C
330
39
100
AcDbDictionary
280
     1
281
     1
  3
ACAD_XREC_ROUNDTRIP
360
28D
  0
DICTIONARY
  5
270
330
2B
100
AcDbDictionary
280
     1
281
     1
  3
ACAD_XREC_ROUNDTRIP
360
271
  0
DICTIONARY
  5
272
330
2C
100
AcDbDictionary
280
     1
281
     1
  3
ACAD_XREC_ROUNDTRIP
360
273
  0
DICTIONARY
  5
274
330
2D
100
AcDbDictionary
280
     1
281
     1
  3
ACAD_XREC_ROUNDTRIP
360
275
  0
DICTIONARY
  5
276
330
2E
100
AcDbDictionary
280
     1
281
     1
  3
ACAD_XREC_ROUNDTRIP
360
277
  0
DICTIONARY
  5
27C
330
31
100
AcDbDictionary
280
     1
281
     1
  3
ACAD_XREC_ROUNDTRIP
360
27D
  0
DICTIONARY
  5
290
330
3B
100
AcDbDictionary
280
     1
281
     1
  3
ACAD_XREC_ROUNDTRIP
360
291
  0
DICTIONARY
  5
28A
330
38
100
AcDbDictionary
280
     1
281
     1
  3
ACAD_XREC_ROUNDTRIP
360
28B
  0
DICTIONARY
  5
292
330
3C
100
AcDbDictionary
280
     1
281
     1
  3
ACAD_XREC_ROUNDTRIP
360
293
  0
DICTIONARY
  5
280
330
33
100
AcDbDictionary
280
     1
281
     1
  3
ACAD_XREC_ROUNDTRIP
360
281
  0
DICTIONARY
  5
29E
330
42
100
AcDbDictionary
280
     1
281
     1
  3
ACAD_XREC_ROUNDTRIP
360
29F
  0
DICTIONARY
  5
29C
330
41
100
AcDbDictionary
280
     1
281
     1
  3
ACAD_XREC_ROUNDTRIP
360
29D
  0
DICTIONARY
  5
296
330
3E
100
AcDbDictionary
280
     1
281
     1
  3
ACAD_XREC_ROUNDTRIP
360
297
  0
DICTIONARY
  5
298
330
3F
100
AcDbDictionary
280
     1
281
     1
  3
ACAD_XREC_ROUNDTRIP
360
299
  0
DICTIONARY
  5
288
330
37
100
AcDbDictionary
280
     1
281
     1
  3
ACAD_XREC_ROUNDTRIP
360
289
  0
DICTIONARY
  5
27A
330
30
100
AcDbDictionary
280
     1
281
     1
  3
ACAD_XREC_ROUNDTRIP
360
27B
  0
DICTIONARY
  5
29A
330
40
100
AcDbDictionary
280
     1
281
     1
  3
ACAD_XREC_ROUNDTRIP
360
29B
  0
XRECORD
  5
2A3
102
{ACAD_REACTORS
330
2A2
102
}
330
2A2
100
AcDbXrecord
280
     1
102
MATERIAL
148
0.0
149
0.0
149
0.0
 93
        0
 94
      127
282
     0
 72
     1
 77
     1
171
     1
175
     1
179
     1
273
     0
  0
XRECORD
  5
2A1
102
{ACAD_REACTORS
330
2A0
102
}
330
2A0
100
AcDbXrecord
280
     1
102
MATERIAL
148
0.0
149
0.0
149
0.0
 93
        0
 94
      127
282
     0
 72
     1
 77
     1
171
     1
175
     1
179
     1
273
     0
  0
XRECORD
  5
2A5
102
{ACAD_REACTORS
330
2A4
102
}
330
2A4
100
AcDbXrecord
280
     1
102
MATERIAL
148
0.0
149
0.0
149
0.0
 93
        0
 94
      127
282
     0
 72
     1
 77
     1
171
     1
175
     1
179
     1
273
     0
  0
XRECORD
  5
2AB
102
{ACAD_REACTORS
330
2AA
102
}
330
2AA
100
AcDbXrecord
280
     1
102
ACAD_ROUNDTRIP_2010_MLEADER_STYLE
  0
CELLSTYLEMAP
  5
2A8
102
{ACAD_REACTORS
330
2A6
102
}
330
2A6
100
AcDbCellStyleMap
 90
        3
300
CELLSTYLE
  1
TABLEFORMAT_BEGIN
 90
        5
170
     1
 91
        0
 92
    32768
 62
   257
 93
        1
300
CONTENTFORMAT
  1
CONTENTFORMAT_BEGIN
 90
        0
 91
        0
 92
        4
 93
        0
300

 40
0.0
140
1.0
 94
        5
 62
     0
340
11
144
6.0
309
CONTENTFORMAT_END
171
     1
301
MARGIN
  1
CELLMARGIN_BEGIN
 40
1.5
 40
1.5
 40
1.5
 40
1.5
 40
1.5
 40
1.5
309
CELLMARGIN_END
 94
        6
 95
        1
302
GRIDFORMAT
  1
GRIDFORMAT_BEGIN
 90
        0
 91
        1
 62
     0
 92
       -2
340
14
 93
        0
 40
0.045
309
GRIDFORMAT_END
 95
        2
302
GRIDFORMAT
  1
GRIDFORMAT_BEGIN
 90
        0
 91
        1
 62
     0
 92
       -2
340
14
 93
        0
 40
0.045
309
GRIDFORMAT_END
 95
        4
302
GRIDFORMAT
  1
GRIDFORMAT_BEGIN
 90
        0
 91
        1
 62
     0
 92
       -2
340
14
 93
        0
 40
0.045
309
GRIDFORMAT_END
 95
        8
302
GRIDFORMAT
  1
GRIDFORMAT_BEGIN
 90
        0
 91
        1
 62
     0
 92
       -2
340
14
 93
        0
 40
0.045
309
GRIDFORMAT_END
 95
       16
302
GRIDFORMAT
  1
GRIDFORMAT_BEGIN
 90
        0
 91
        1
 62
     0
 92
       -2
340
14
 93
        0
 40
0.045
309
GRIDFORMAT_END
 95
       32
302
GRIDFORMAT
  1
GRIDFORMAT_BEGIN
 90
        0
 91
        1
 62
     0
 92
       -2
340
14
 93
        0
 40
0.045
309
GRIDFORMAT_END
309
TABLEFORMAT_END
  1
CELLSTYLE_BEGIN
 90
        1
 91
        1
300
_TITLE
309
CELLSTYLE_END
300
CELLSTYLE
  1
TABLEFORMAT_BEGIN
 90
        5
170
     1
 91
        0
 92
        0
 62
   257
 93
        1
300
CONTENTFORMAT
  1
CONTENTFORMAT_BEGIN
 90
        0
 91
        0
 92
        4
 93
        0
300

 40
0.0
140
1.0
 94
        5
 62
     0
340
11
144
4.5
309
CONTENTFORMAT_END
171
     1
301
MARGIN
  1
CELLMARGIN_BEGIN
 40
1.5
 40
1.5
 40
1.5
 40
1.5
 40
1.5
 40
1.5
309
CELLMARGIN_END
 94
        6
 95
        1
302
GRIDFORMAT
  1
GRIDFORMAT_BEGIN
 90
        0
 91
        1
 62
     0
 92
       -2
340
14
 93
        0
 40
0.045
309
GRIDFORMAT_END
 95
        2
302
GRIDFORMAT
  1
GRIDFORMAT_BEGIN
 90
        0
 91
        1
 62
     0
 92
       -2
340
14
 93
        0
 40
0.045
309
GRIDFORMAT_END
 95
        4
302
GRIDFORMAT
  1
GRIDFORMAT_BEGIN
 90
        0
 91
        1
 62
     0
 92
       -2
340
14
 93
        0
 40
0.045
309
GRIDFORMAT_END
 95
        8
302
GRIDFORMAT
  1
GRIDFORMAT_BEGIN
 90
        0
 91
        1
 62
     0
 92
       -2
340
14
 93
        0
 40
0.045
309
GRIDFORMAT_END
 95
       16
302
GRIDFORMAT
  1
GRIDFORMAT_BEGIN
 90
        0
 91
        1
 62
     0
 92
       -2
340
14
 93
        0
 40
0.045
309
GRIDFORMAT_END
 95
       32
302
GRIDFORMAT
  1
GRIDFORMAT_BEGIN
 90
        0
 91
        1
 62
     0
 92
       -2
340
14
 93
        0
 40
0.045
309
GRIDFORMAT_END
309
TABLEFORMAT_END
  1
CELLSTYLE_BEGIN
 90
        2
 91
        1
300
_HEADER
309
CELLSTYLE_END
300
CELLSTYLE
  1
TABLEFORMAT_BEGIN
 90
        5
170
     1
 91
        0
 92
        0
 62
   257
 93
        1
300
CONTENTFORMAT
  1
CONTENTFORMAT_BEGIN
 90
        0
 91
        0
 92
        4
 93
        0
300

 40
0.0
140
1.0
 94
        2
 62
     0
340
11
144
4.5
309
CONTENTFORMAT_END
171
     1
301
MARGIN
  1
CELLMARGIN_BEGIN
 40
1.5
 40
1.5
 40
1.5
 40
1.5
 40
1.5
 40
1.5
309
CELLMARGIN_END
 94
        6
 95
        1
302
GRIDFORMAT
  1
GRIDFORMAT_BEGIN
 90
        0
 91
        1
 62
     0
 92
       -2
340
14
 93
        0
 40
0.045
309
GRIDFORMAT_END
 95
        2
302
GRIDFORMAT
  1
GRIDFORMAT_BEGIN
 90
        0
 91
        1
 62
     0
 92
       -2
340
14
 93
        0
 40
0.045
309
GRIDFORMAT_END
 95
        4
302
GRIDFORMAT
  1
GRIDFORMAT_BEGIN
 90
        0
 91
        1
 62
     0
 92
       -2
340
14
 93
        0
 40
0.045
309
GRIDFORMAT_END
 95
        8
302
GRIDFORMAT
  1
GRIDFORMAT_BEGIN
 90
        0
 91
        1
 62
     0
 92
       -2
340
14
 93
        0
 40
0.045
309
GRIDFORMAT_END
 95
       16
302
GRIDFORMAT
  1
GRIDFORMAT_BEGIN
 90
        0
 91
        1
 62
     0
 92
       -2
340
14
 93
        0
 40
0.045
309
GRIDFORMAT_END
 95
       32
302
GRIDFORMAT
  1
GRIDFORMAT_BEGIN
 90
        0
 91
        1
 62
     0
 92
       -2
340
14
 93
        0
 40
0.045
309
GRIDFORMAT_END
309
TABLEFORMAT_END
  1
CELLSTYLE_BEGIN
 90
        3
 91
        2
300
_DATA
309
CELLSTYLE_END
  0
XRECORD
  5
2A7
102
{ACAD_REACTORS
330
2A6
102
}
330
2A6
100
AcDbXrecord
280
     1
102
ACAD_ROUNDTRIP_PRE2007_TABLESTYLE
 90
        4
 91
        0
  1

 92
        4
 93
        0
  2

 94
        4
 95
        0
  3

  0
XRECORD
  5
279
102
{ACAD_REACTORS
330
278
102
}
330
278
100
AcDbXrecord
280
     1
102
RTVSPropertyOp0
 70
     1
102
RTVSPropertyOp1
 70
     1
102
RTVSPropertyOp2
 70
     1
102
RTVSPropertyOp3
 70
     1
102
RTVSPropertyOp4
 70
     1
102
RTVSPropertyOp5
 70
     1
102
RTVSPropertyOp6
 70
     1
102
RTVSPropertyOp7
 70
     1
102
RTVSPropertyOp8
 70
     1
102
RTVSPropertyOp9
 70
     1
102
RTVSPropertyOp10
 70
     1
102
RTVSPropertyOp11
 70
     1
102
RTVSPropertyOp12
 70
     1
102
RTVSPropertyOp13
 70
     1
102
RTVSPropertyOp14
 70
     1
102
RTVSPropertyOp15
 70
     1
102
RTVSPropertyOp16
 70
     1
102
RTVSPropertyOp17
 70
     1
102
RTVSPropertyOp18
 70
     1
102
RTVSPropertyOp19
 70
     1
102
RTVSPropertyOp20
 70
     1
102
RTVSPropertyOp21
 70
     1
102
RTVSPropertyOp22
 70
     1
102
RTVSPropertyOp23
 70
     1
102
RTVSPropertyOp24
 70
     1
102
RTVSPropertyOp25
 70
     1
102
RTVSPropertyOp26
 70
     1
102
RTVSPropertyOp27
 70
     1
102
RTVSPropertyOp28
 70
     1
102
RTVSPropertyOp29
 70
     1
102
RTVSPropertyOp30
 70
     1
102
RTVSPropertyOp31
 70
     1
102
RTVSPropertyOp32
 70
     1
102
RTVSPropertyOp33
 70
     1
102
RTVSPropertyOp34
 70
     1
102
RTVSPropertyOp35
 70
     1
102
RTVSPropertyOp36
 70
     1
102
RTVSPropertyOp37
 70
     1
102
RTVSPropertyOp38
 70
     1
102
RTVSPropertyOp39
 70
     1
102
RTVSPropertyOp40
 70
     1
102
RTVSPropertyOp41
 70
     1
102
RTVSPropertyOp42
 70
     1
102
RTVSPropertyOp43
 70
     1
102
RTVSPropertyOp44
 70
     1
102
RTVSPropertyOp45
 70
     1
102
RTVSPropertyOp46
 70
     1
102
RTVSPropertyOp47
 70
     1
102
RTVSPropertyOp48
 70
     1
102
RTVSPropertyOp49
 70
     1
102
RTVSPropertyOp50
 70
     1
102
RTVSPropertyOp51
 70
     0
102
RTVSPropertyOp52
 70
     0
102
RTVSPropertyOp53
 70
     1
102
RTVSPropertyOp54
 70
     1
102
RTVSPropertyOp55
 70
     1
102
RTVSPropertyOp56
 70
     1
102
RTVSPropertyOp57
 70
     1
102
RTVSPost2010Prop28
280
     1
102
RTVSPost2010PropOp28
 70
     1
102
RTVSPost2010Prop29
280
     1
102
RTVSPost2010PropOp29
 70
     1
102
RTVSPost2010Prop30
280
     0
102
RTVSPost2010PropOp30
 70
     1
102
RTVSPost2010Prop31
280
     0
102
RTVSPost2010PropOp31
 70
     1
102
RTVSPost2010Prop32
280
     0
102
RTVSPost2010PropOp32
 70
     1
102
RTVSPost2010Prop33
280
     0
102
RTVSPost2010PropOp33
 70
     1
102
RTVSPost2010Prop34
280
     0
102
RTVSPost2010PropOp34
 70
     1
102
RTVSPost2010Prop35
280
     0
102
RTVSPost2010PropOp35
 70
     1
102
RTVSPost2010Prop36
280
     0
102
RTVSPost2010PropOp36
 70
     1
102
RTVSPost2010Prop37
 90
       50
102
RTVSPost2010PropOp37
 70
     1
102
RTVSPost2010Prop38
140
0.0
102
RTVSPost2010PropOp38
 70
     1
102
RTVSPost2010Prop39
140
1.0
102
RTVSPost2010PropOp39
 70
     1
102
RTVSPost2010Prop40
 90
        0
102
RTVSPost2010PropOp40
 70
     1
102
RTVSPost2010Prop41ColorIndex
 90
       18
102
RTVSPost2010Prop41ColorRGB
 90
        0
102
RTVSPost2010PropOp41
 70
     1
102
RTVSPost2010Prop42
 90
       50
102
RTVSPost2010PropOp42
 70
     1
102
RTVSPost2010Prop43
 90
        3
102
RTVSPost2010PropOp43
 70
     1
102
RTVSPost2010Prop44ColorIndex
 90
        5
102
RTVSPost2010Prop44ColorRGB
 90
      255
102
RTVSPost2010PropOp44
 70
     1
102
RTVSPost2010Prop45
280
     0
102
RTVSPost2010PropOp45
 70
     1
102
RTVSPost2010Prop46
 90
       50
102
RTVSPost2010PropOp46
 70
     1
102
RTVSPost2010Prop47
 90
       50
102
RTVSPost2010PropOp47
 70
     1
102
RTVSPost2010Prop48
 90
       50
102
RTVSPost2010PropOp48
 70
     1
102
RTVSPost2010Prop49
280
     0
102
RTVSPost2010PropOp49
 70
     1
102
RTVSPost2010Prop50
 90
       50
102
RTVSPost2010PropOp50
 70
     1
102
RTVSPost2010Prop51ColorIndex
 90
      256
102
RTVSPost2010Prop51ColorRGB
 90
-16777216
102
RTVSPost2010PropOp51
 70
     0
102
RTVSPost2010Prop52
140
1.0
102
RTVSPost2010PropOp52
 70
     0
102
RTVSPost2010Prop53
 90
        2
102
RTVSPost2010PropOp53
 70
     1
102
RTVSPost2010Prop54
  1
strokes_ogs.tif
102
RTVSPost2010PropOp54
 70
     1
102
RTVSPost2010Prop55
280
     0
102
RTVSPost2010PropOp55
 70
     1
102
RTVSPost2010Prop56
140
1.0
102
RTVSPost2010PropOp56
 70
     1
102
RTVSPost2010Prop57
140
1.0
102
RTVSPost2010PropOp57
 70
     1
  0
XRECORD
  5
27F
102
{ACAD_REACTORS
330
27E
102
}
330
27E
100
AcDbXrecord
280
     1
102
RTVSPropertyOp0
 70
     1
102
RTVSPropertyOp1
 70
     1
102
RTVSPropertyOp2
 70
     1
102
RTVSPropertyOp3
 70
     1
102
RTVSPropertyOp4
 70
     1
102
RTVSPropertyOp5
 70
     1
102
RTVSPropertyOp6
 70
     1
102
RTVSPropertyOp7
 70
     1
102
RTVSPropertyOp8
 70
     1
102
RTVSPropertyOp9
 70
     1
102
RTVSPropertyOp10
 70
     1
102
RTVSPropertyOp11
 70
     1
102
RTVSPropertyOp12
 70
     1
102
RTVSPropertyOp13
 70
     1
102
RTVSPropertyOp14
 70
     1
102
RTVSPropertyOp15
 70
     1
102
RTVSPropertyOp16
 70
     1
102
RTVSPropertyOp17
 70
     1
102
RTVSPropertyOp18
 70
     1
102
RTVSPropertyOp19
 70
     1
102
RTVSPropertyOp20
 70
     1
102
RTVSPropertyOp21
 70
     1
102
RTVSPropertyOp22
 70
     1
102
RTVSPropertyOp23
 70
     1
102
RTVSPropertyOp24
 70
     1
102
RTVSPropertyOp25
 70
     1
102
RTVSPropertyOp26
 70
     1
102
RTVSPropertyOp27
 70
     1
102
RTVSPropertyOp28
 70
     1
102
RTVSPropertyOp29
 70
     1
102
RTVSPropertyOp30
 70
     1
102
RTVSPropertyOp31
 70
     1
102
RTVSPropertyOp32
 70
     1
102
RTVSPropertyOp33
 70
     1
102
RTVSPropertyOp34
 70
     1
102
RTVSPropertyOp35
 70
     1
102
RTVSPropertyOp36
 70
     1
102
RTVSPropertyOp37
 70
     1
102
RTVSPropertyOp38
 70
     1
102
RTVSPropertyOp39
 70
     1
102
RTVSPropertyOp40
 70
     1
102
RTVSPropertyOp41
 70
     1
102
RTVSPropertyOp42
 70
     1
102
RTVSPropertyOp43
 70
     1
102
RTVSPropertyOp44
 70
     1
102
RTVSPropertyOp45
 70
     1
102
RTVSPropertyOp46
 70
     1
102
RTVSPropertyOp47
 70
     1
102
RTVSPropertyOp48
 70
     1
102
RTVSPropertyOp49
 70
     1
102
RTVSPropertyOp50
 70
     1
102
RTVSPropertyOp51
 70
     0
102
RTVSPropertyOp52
 70
     0
102
RTVSPropertyOp53
 70
     1
102
RTVSPropertyOp54
 70
     1
102
RTVSPropertyOp55
 70
     1
102
RTVSPropertyOp56
 70
     1
102
RTVSPropertyOp57
 70
     1
102
RTVSPost2010Prop28
280
     0
102
RTVSPost2010PropOp28
 70
     1
102
RTVSPost2010Prop29
280
     1
102
RTVSPost2010PropOp29
 70
     1
102
RTVSPost2010Prop30
280
     1
102
RTVSPost2010PropOp30
 70
     1
102
RTVSPost2010Prop31
280
     0
102
RTVSPost2010PropOp31
 70
     1
102
RTVSPost2010Prop32
280
     0
102
RTVSPost2010PropOp32
 70
     1
102
RTVSPost2010Prop33
280
     0
102
RTVSPost2010PropOp33
 70
     1
102
RTVSPost2010Prop34
280
     0
102
RTVSPost2010PropOp34
 70
     1
102
RTVSPost2010Prop35
280
     0
102
RTVSPost2010PropOp35
 70
     1
102
RTVSPost2010Prop36
280
     0
102
RTVSPost2010PropOp36
 70
     1
102
RTVSPost2010Prop37
 90
       50
102
RTVSPost2010PropOp37
 70
     1
102
RTVSPost2010Prop38
140
0.0
102
RTVSPost2010PropOp38
 70
     1
102
RTVSPost2010Prop39
140
1.0
102
RTVSPost2010PropOp39
 70
     1
102
RTVSPost2010Prop40
 90
        0
102
RTVSPost2010PropOp40
 70
     1
102
RTVSPost2010Prop41ColorIndex
 90
       18
102
RTVSPost2010Prop41ColorRGB
 90
        0
102
RTVSPost2010PropOp41
 70
     1
102
RTVSPost2010Prop42
 90
       50
102
RTVSPost2010PropOp42
 70
     1
102
RTVSPost2010Prop43
 90
        3
102
RTVSPost2010PropOp43
 70
     1
102
RTVSPost2010Prop44ColorIndex
 90
        5
102
RTVSPost2010Prop44ColorRGB
 90
      255
102
RTVSPost2010PropOp44
 70
     1
102
RTVSPost2010Prop45
280
     0
102
RTVSPost2010PropOp45
 70
     1
102
RTVSPost2010Prop46
 90
       50
102
RTVSPost2010PropOp46
 70
     1
102
RTVSPost2010Prop47
 90
       50
102
RTVSPost2010PropOp47
 70
     1
102
RTVSPost2010Prop48
 90
       50
102
RTVSPost2010PropOp48
 70
     1
102
RTVSPost2010Prop49
280
     0
102
RTVSPost2010PropOp49
 70
     1
102
RTVSPost2010Prop50
 90
       50
102
RTVSPost2010PropOp50
 70
     1
102
RTVSPost2010Prop51ColorIndex
 90
      256
102
RTVSPost2010Prop51ColorRGB
 90
-16777216
102
RTVSPost2010PropOp51
 70
     0
102
RTVSPost2010Prop52
140
1.0
102
RTVSPost2010PropOp52
 70
     0
102
RTVSPost2010Prop53
 90
        2
102
RTVSPost2010PropOp53
 70
     1
102
RTVSPost2010Prop54
  1
strokes_ogs.tif
102
RTVSPost2010PropOp54
 70
     1
102
RTVSPost2010Prop55
280
     0
102
RTVSPost2010PropOp55
 70
     1
102
RTVSPost2010Prop56
140
1.0
102
RTVSPost2010PropOp56
 70
     1
102
RTVSPost2010Prop57
140
1.0
102
RTVSPost2010PropOp57
 70
     1
  0
XRECORD
  5
287
102
{ACAD_REACTORS
330
286
102
}
330
286
100
AcDbXrecord
280
     1
102
RTVSPropertyOp0
 70
     1
102
RTVSPropertyOp1
 70
     1
102
RTVSPropertyOp2
 70
     1
102
RTVSPropertyOp3
 70
     1
102
RTVSPropertyOp4
 70
     1
102
RTVSPropertyOp5
 70
     1
102
RTVSPropertyOp6
 70
     1
102
RTVSPropertyOp7
 70
     1
102
RTVSPropertyOp8
 70
     1
102
RTVSPropertyOp9
 70
     1
102
RTVSPropertyOp10
 70
     1
102
RTVSPropertyOp11
 70
     1
102
RTVSPropertyOp12
 70
     1
102
RTVSPropertyOp13
 70
     1
102
RTVSPropertyOp14
 70
     1
102
RTVSPropertyOp15
 70
     1
102
RTVSPropertyOp16
 70
     1
102
RTVSPropertyOp17
 70
     1
102
RTVSPropertyOp18
 70
     1
102
RTVSPropertyOp19
 70
     1
102
RTVSPropertyOp20
 70
     1
102
RTVSPropertyOp21
 70
     1
102
RTVSPropertyOp22
 70
     1
102
RTVSPropertyOp23
 70
     1
102
RTVSPropertyOp24
 70
     1
102
RTVSPropertyOp25
 70
     1
102
RTVSPropertyOp26
 70
     1
102
RTVSPropertyOp27
 70
     1
102
RTVSPropertyOp28
 70
     1
102
RTVSPropertyOp29
 70
     1
102
RTVSPropertyOp30
 70
     1
102
RTVSPropertyOp31
 70
     1
102
RTVSPropertyOp32
 70
     1
102
RTVSPropertyOp33
 70
     1
102
RTVSPropertyOp34
 70
     1
102
RTVSPropertyOp35
 70
     1
102
RTVSPropertyOp36
 70
     1
102
RTVSPropertyOp37
 70
     1
102
RTVSPropertyOp38
 70
     1
102
RTVSPropertyOp39
 70
     1
102
RTVSPropertyOp40
 70
     1
102
RTVSPropertyOp41
 70
     1
102
RTVSPropertyOp42
 70
     1
102
RTVSPropertyOp43
 70
     1
102
RTVSPropertyOp44
 70
     1
102
RTVSPropertyOp45
 70
     1
102
RTVSPropertyOp46
 70
     1
102
RTVSPropertyOp47
 70
     1
102
RTVSPropertyOp48
 70
     1
102
RTVSPropertyOp49
 70
     1
102
RTVSPropertyOp50
 70
     1
102
RTVSPropertyOp51
 70
     0
102
RTVSPropertyOp52
 70
     0
102
RTVSPropertyOp53
 70
     1
102
RTVSPropertyOp54
 70
     1
102
RTVSPropertyOp55
 70
     1
102
RTVSPropertyOp56
 70
     1
102
RTVSPropertyOp57
 70
     1
102
RTVSPost2010Prop28
280
     0
102
RTVSPost2010PropOp28
 70
     1
102
RTVSPost2010Prop29
280
     1
102
RTVSPost2010PropOp29
 70
     1
102
RTVSPost2010Prop30
280
     1
102
RTVSPost2010PropOp30
 70
     1
102
RTVSPost2010Prop31
280
     0
102
RTVSPost2010PropOp31
 70
     1
102
RTVSPost2010Prop32
280
     0
102
RTVSPost2010PropOp32
 70
     1
102
RTVSPost2010Prop33
280
     0
102
RTVSPost2010PropOp33
 70
     1
102
RTVSPost2010Prop34
280
     0
102
RTVSPost2010PropOp34
 70
     1
102
RTVSPost2010Prop35
280
     0
102
RTVSPost2010PropOp35
 70
     1
102
RTVSPost2010Prop36
280
     0
102
RTVSPost2010PropOp36
 70
     1
102
RTVSPost2010Prop37
 90
       50
102
RTVSPost2010PropOp37
 70
     1
102
RTVSPost2010Prop38
140
0.0
102
RTVSPost2010PropOp38
 70
     1
102
RTVSPost2010Prop39
140
1.0
102
RTVSPost2010PropOp39
 70
     1
102
RTVSPost2010Prop40
 90
        0
102
RTVSPost2010PropOp40
 70
     1
102
RTVSPost2010Prop41ColorIndex
 90
       18
102
RTVSPost2010Prop41ColorRGB
 90
        0
102
RTVSPost2010PropOp41
 70
     1
102
RTVSPost2010Prop42
 90
       50
102
RTVSPost2010PropOp42
 70
     1
102
RTVSPost2010Prop43
 90
        3
102
RTVSPost2010PropOp43
 70
     1
102
RTVSPost2010Prop44ColorIndex
 90
        5
102
RTVSPost2010Prop44ColorRGB
 90
      255
102
RTVSPost2010PropOp44
 70
     1
102
RTVSPost2010Prop45
280
     0
102
RTVSPost2010PropOp45
 70
     1
102
RTVSPost2010Prop46
 90
       50
102
RTVSPost2010PropOp46
 70
     1
102
RTVSPost2010Prop47
 90
       50
102
RTVSPost2010PropOp47
 70
     1
102
RTVSPost2010Prop48
 90
       50
102
RTVSPost2010PropOp48
 70
     1
102
RTVSPost2010Prop49
280
     0
102
RTVSPost2010PropOp49
 70
     1
102
RTVSPost2010Prop50
 90
       50
102
RTVSPost2010PropOp50
 70
     1
102
RTVSPost2010Prop51ColorIndex
 90
      256
102
RTVSPost2010Prop51ColorRGB
 90
-16777216
102
RTVSPost2010PropOp51
 70
     0
102
RTVSPost2010Prop52
140
1.0
102
RTVSPost2010PropOp52
 70
     0
102
RTVSPost2010Prop53
 90
        2
102
RTVSPost2010PropOp53
 70
     1
102
RTVSPost2010Prop54
  1
strokes_ogs.tif
102
RTVSPost2010PropOp54
 70
     1
102
RTVSPost2010Prop55
280
     0
102
RTVSPost2010PropOp55
 70
     1
102
RTVSPost2010Prop56
140
1.0
102
RTVSPost2010PropOp56
 70
     1
102
RTVSPost2010Prop57
140
1.0
102
RTVSPost2010PropOp57
 70
     1
  0
XRECORD
  5
28F
102
{ACAD_REACTORS
330
28E
102
}
330
28E
100
AcDbXrecord
280
     1
102
RTVSPropertyOp0
 70
     1
102
RTVSPropertyOp1
 70
     1
102
RTVSPropertyOp2
 70
     1
102
RTVSPropertyOp3
 70
     1
102
RTVSPropertyOp4
 70
     1
102
RTVSPropertyOp5
 70
     1
102
RTVSPropertyOp6
 70
     1
102
RTVSPropertyOp7
 70
     1
102
RTVSPropertyOp8
 70
     1
102
RTVSPropertyOp9
 70
     1
102
RTVSPropertyOp10
 70
     1
102
RTVSPropertyOp11
 70
     1
102
RTVSPropertyOp12
 70
     1
102
RTVSPropertyOp13
 70
     1
102
RTVSPropertyOp14
 70
     1
102
RTVSPropertyOp15
 70
     1
102
RTVSPropertyOp16
 70
     1
102
RTVSPropertyOp17
 70
     1
102
RTVSPropertyOp18
 70
     1
102
RTVSPropertyOp19
 70
     1
102
RTVSPropertyOp20
 70
     1
102
RTVSPropertyOp21
 70
     1
102
RTVSPropertyOp22
 70
     1
102
RTVSPropertyOp23
 70
     1
102
RTVSPropertyOp24
 70
     1
102
RTVSPropertyOp25
 70
     1
102
RTVSPropertyOp26
 70
     1
102
RTVSPropertyOp27
 70
     1
102
RTVSPropertyOp28
 70
     1
102
RTVSPropertyOp29
 70
     1
102
RTVSPropertyOp30
 70
     1
102
RTVSPropertyOp31
 70
     1
102
RTVSPropertyOp32
 70
     1
102
RTVSPropertyOp33
 70
     1
102
RTVSPropertyOp34
 70
     1
102
RTVSPropertyOp35
 70
     1
102
RTVSPropertyOp36
 70
     1
102
RTVSPropertyOp37
 70
     1
102
RTVSPropertyOp38
 70
     1
102
RTVSPropertyOp39
 70
     1
102
RTVSPropertyOp40
 70
     1
102
RTVSPropertyOp41
 70
     1
102
RTVSPropertyOp42
 70
     1
102
RTVSPropertyOp43
 70
     1
102
RTVSPropertyOp44
 70
     1
102
RTVSPropertyOp45
 70
     1
102
RTVSPropertyOp46
 70
     1
102
RTVSPropertyOp47
 70
     1
102
RTVSPropertyOp48
 70
     1
102
RTVSPropertyOp49
 70
     1
102
RTVSPropertyOp50
 70
     1
102
RTVSPropertyOp51
 70
     0
102
RTVSPropertyOp52
 70
     0
102
RTVSPropertyOp53
 70
     1
102
RTVSPropertyOp54
 70
     1
102
RTVSPropertyOp55
 70
     1
102
RTVSPropertyOp56
 70
     1
102
RTVSPropertyOp57
 70
     1
102
RTVSPost2010Prop28
280
     0
102
RTVSPost2010PropOp28
 70
     1
102
RTVSPost2010Prop29
280
     1
102
RTVSPost2010PropOp29
 70
     1
102
RTVSPost2010Prop30
280
     1
102
RTVSPost2010PropOp30
 70
     1
102
RTVSPost2010Prop31
280
     0
102
RTVSPost2010PropOp31
 70
     1
102
RTVSPost2010Prop32
280
     0
102
RTVSPost2010PropOp32
 70
     1
102
RTVSPost2010Prop33
280
     0
102
RTVSPost2010PropOp33
 70
     1
102
RTVSPost2010Prop34
280
     0
102
RTVSPost2010PropOp34
 70
     1
102
RTVSPost2010Prop35
280
     0
102
RTVSPost2010PropOp35
 70
     1
102
RTVSPost2010Prop36
280
     0
102
RTVSPost2010PropOp36
 70
     1
102
RTVSPost2010Prop37
 90
       50
102
RTVSPost2010PropOp37
 70
     1
102
RTVSPost2010Prop38
140
0.0
102
RTVSPost2010PropOp38
 70
     1
102
RTVSPost2010Prop39
140
1.0
102
RTVSPost2010PropOp39
 70
     1
102
RTVSPost2010Prop40
 90
        0
102
RTVSPost2010PropOp40
 70
     1
102
RTVSPost2010Prop41ColorIndex
 90
       18
102
RTVSPost2010Prop41ColorRGB
 90
        0
102
RTVSPost2010PropOp41
 70
     1
102
RTVSPost2010Prop42
 90
       50
102
RTVSPost2010PropOp42
 70
     1
102
RTVSPost2010Prop43
 90
        3
102
RTVSPost2010PropOp43
 70
     1
102
RTVSPost2010Prop44ColorIndex
 90
        5
102
RTVSPost2010Prop44ColorRGB
 90
      255
102
RTVSPost2010PropOp44
 70
     1
102
RTVSPost2010Prop45
280
     0
102
RTVSPost2010PropOp45
 70
     1
102
RTVSPost2010Prop46
 90
       50
102
RTVSPost2010PropOp46
 70
     1
102
RTVSPost2010Prop47
 90
       50
102
RTVSPost2010PropOp47
 70
     1
102
RTVSPost2010Prop48
 90
       50
102
RTVSPost2010PropOp48
 70
     1
102
RTVSPost2010Prop49
280
     0
102
RTVSPost2010PropOp49
 70
     1
102
RTVSPost2010Prop50
 90
       50
102
RTVSPost2010PropOp50
 70
     1
102
RTVSPost2010Prop51ColorIndex
 90
      256
102
RTVSPost2010Prop51ColorRGB
 90
-16777216
102
RTVSPost2010PropOp51
 70
     0
102
RTVSPost2010Prop52
140
1.0
102
RTVSPost2010PropOp52
 70
     0
102
RTVSPost2010Prop53
 90
        2
102
RTVSPost2010PropOp53
 70
     1
102
RTVSPost2010Prop54
  1
strokes_ogs.tif
102
RTVSPost2010PropOp54
 70
     1
102
RTVSPost2010Prop55
280
     0
102
RTVSPost2010PropOp55
 70
     1
102
RTVSPost2010Prop56
140
1.0
102
RTVSPost2010PropOp56
 70
     1
102
RTVSPost2010Prop57
140
1.0
102
RTVSPost2010PropOp57
 70
     1
  0
XRECORD
  5
283
102
{ACAD_REACTORS
330
282
102
}
330
282
100
AcDbXrecord
280
     1
102
RTVSPropertyOp0
 70
     1
102
RTVSPropertyOp1
 70
     1
102
RTVSPropertyOp2
 70
     1
102
RTVSPropertyOp3
 70
     1
102
RTVSPropertyOp4
 70
     1
102
RTVSPropertyOp5
 70
     1
102
RTVSPropertyOp6
 70
     1
102
RTVSPropertyOp7
 70
     1
102
RTVSPropertyOp8
 70
     1
102
RTVSPropertyOp9
 70
     1
102
RTVSPropertyOp10
 70
     1
102
RTVSPropertyOp11
 70
     1
102
RTVSPropertyOp12
 70
     1
102
RTVSPropertyOp13
 70
     1
102
RTVSPropertyOp14
 70
     1
102
RTVSPropertyOp15
 70
     1
102
RTVSPropertyOp16
 70
     1
102
RTVSPropertyOp17
 70
     1
102
RTVSPropertyOp18
 70
     1
102
RTVSPropertyOp19
 70
     1
102
RTVSPropertyOp20
 70
     1
102
RTVSPropertyOp21
 70
     1
102
RTVSPropertyOp22
 70
     1
102
RTVSPropertyOp23
 70
     1
102
RTVSPropertyOp24
 70
     1
102
RTVSPropertyOp25
 70
     1
102
RTVSPropertyOp26
 70
     1
102
RTVSPropertyOp27
 70
     1
102
RTVSPropertyOp28
 70
     1
102
RTVSPropertyOp29
 70
     1
102
RTVSPropertyOp30
 70
     1
102
RTVSPropertyOp31
 70
     1
102
RTVSPropertyOp32
 70
     1
102
RTVSPropertyOp33
 70
     1
102
RTVSPropertyOp34
 70
     1
102
RTVSPropertyOp35
 70
     1
102
RTVSPropertyOp36
 70
     1
102
RTVSPropertyOp37
 70
     1
102
RTVSPropertyOp38
 70
     1
102
RTVSPropertyOp39
 70
     1
102
RTVSPropertyOp40
 70
     1
102
RTVSPropertyOp41
 70
     1
102
RTVSPropertyOp42
 70
     1
102
RTVSPropertyOp43
 70
     1
102
RTVSPropertyOp44
 70
     1
102
RTVSPropertyOp45
 70
     1
102
RTVSPropertyOp46
 70
     1
102
RTVSPropertyOp47
 70
     1
102
RTVSPropertyOp48
 70
     1
102
RTVSPropertyOp49
 70
     1
102
RTVSPropertyOp50
 70
     1
102
RTVSPropertyOp51
 70
     0
102
RTVSPropertyOp52
 70
     0
102
RTVSPropertyOp53
 70
     1
102
RTVSPropertyOp54
 70
     1
102
RTVSPropertyOp55
 70
     1
102
RTVSPropertyOp56
 70
     1
102
RTVSPropertyOp57
 70
     1
102
RTVSPost2010Prop28
280
     0
102
RTVSPost2010PropOp28
 70
     1
102
RTVSPost2010Prop29
280
     1
102
RTVSPost2010PropOp29
 70
     1
102
RTVSPost2010Prop30
280
     1
102
RTVSPost2010PropOp30
 70
     1
102
RTVSPost2010Prop31
280
     0
102
RTVSPost2010PropOp31
 70
     1
102
RTVSPost2010Prop32
280
     0
102
RTVSPost2010PropOp32
 70
     1
102
RTVSPost2010Prop33
280
     0
102
RTVSPost2010PropOp33
 70
     1
102
RTVSPost2010Prop34
280
     0
102
RTVSPost2010PropOp34
 70
     1
102
RTVSPost2010Prop35
280
     0
102
RTVSPost2010PropOp35
 70
     1
102
RTVSPost2010Prop36
280
     0
102
RTVSPost2010PropOp36
 70
     1
102
RTVSPost2010Prop37
 90
       50
102
RTVSPost2010PropOp37
 70
     1
102
RTVSPost2010Prop38
140
0.0
102
RTVSPost2010PropOp38
 70
     1
102
RTVSPost2010Prop39
140
1.0
102
RTVSPost2010PropOp39
 70
     1
102
RTVSPost2010Prop40
 90
        0
102
RTVSPost2010PropOp40
 70
     1
102
RTVSPost2010Prop41ColorIndex
 90
       18
102
RTVSPost2010Prop41ColorRGB
 90
        0
102
RTVSPost2010PropOp41
 70
     1
102
RTVSPost2010Prop42
 90
       50
102
RTVSPost2010PropOp42
 70
     1
102
RTVSPost2010Prop43
 90
        3
102
RTVSPost2010PropOp43
 70
     1
102
RTVSPost2010Prop44ColorIndex
 90
        5
102
RTVSPost2010Prop44ColorRGB
 90
      255
102
RTVSPost2010PropOp44
 70
     1
102
RTVSPost2010Prop45
280
     0
102
RTVSPost2010PropOp45
 70
     1
102
RTVSPost2010Prop46
 90
       50
102
RTVSPost2010PropOp46
 70
     1
102
RTVSPost2010Prop47
 90
       50
102
RTVSPost2010PropOp47
 70
     1
102
RTVSPost2010Prop48
 90
       50
102
RTVSPost2010PropOp48
 70
     1
102
RTVSPost2010Prop49
280
     0
102
RTVSPost2010PropOp49
 70
     1
102
RTVSPost2010Prop50
 90
       50
102
RTVSPost2010PropOp50
 70
     1
102
RTVSPost2010Prop51ColorIndex
 90
      256
102
RTVSPost2010Prop51ColorRGB
 90
-16777216
102
RTVSPost2010PropOp51
 70
     0
102
RTVSPost2010Prop52
140
1.0
102
RTVSPost2010PropOp52
 70
     0
102
RTVSPost2010Prop53
 90
        2
102
RTVSPost2010PropOp53
 70
     1
102
RTVSPost2010Prop54
  1
strokes_ogs.tif
102
RTVSPost2010PropOp54
 70
     1
102
RTVSPost2010Prop55
280
     0
102
RTVSPost2010PropOp55
 70
     1
102
RTVSPost2010Prop56
140
1.0
102
RTVSPost2010PropOp56
 70
     1
102
RTVSPost2010Prop57
140
1.0
102
RTVSPost2010PropOp57
 70
     1
  0
XRECORD
  5
285
102
{ACAD_REACTORS
330
284
102
}
330
284
100
AcDbXrecord
280
     1
102
RTVSPropertyOp0
 70
     1
102
RTVSPropertyOp1
 70
     1
102
RTVSPropertyOp2
 70
     1
102
RTVSPropertyOp3
 70
     1
102
RTVSPropertyOp4
 70
     1
102
RTVSPropertyOp5
 70
     1
102
RTVSPropertyOp6
 70
     1
102
RTVSPropertyOp7
 70
     1
102
RTVSPropertyOp8
 70
     1
102
RTVSPropertyOp9
 70
     1
102
RTVSPropertyOp10
 70
     1
102
RTVSPropertyOp11
 70
     1
102
RTVSPropertyOp12
 70
     1
102
RTVSPropertyOp13
 70
     1
102
RTVSPropertyOp14
 70
     1
102
RTVSPropertyOp15
 70
     1
102
RTVSPropertyOp16
 70
     1
102
RTVSPropertyOp17
 70
     1
102
RTVSPropertyOp18
 70
     1
102
RTVSPropertyOp19
 70
     1
102
RTVSPropertyOp20
 70
     1
102
RTVSPropertyOp21
 70
     1
102
RTVSPropertyOp22
 70
     1
102
RTVSPropertyOp23
 70
     1
102
RTVSPropertyOp24
 70
     1
102
RTVSPropertyOp25
 70
     1
102
RTVSPropertyOp26
 70
     1
102
RTVSPropertyOp27
 70
     1
102
RTVSPropertyOp28
 70
     1
102
RTVSPropertyOp29
 70
     1
102
RTVSPropertyOp30
 70
     1
102
RTVSPropertyOp31
 70
     1
102
RTVSPropertyOp32
 70
     1
102
RTVSPropertyOp33
 70
     1
102
RTVSPropertyOp34
 70
     1
102
RTVSPropertyOp35
 70
     1
102
RTVSPropertyOp36
 70
     1
102
RTVSPropertyOp37
 70
     1
102
RTVSPropertyOp38
 70
     1
102
RTVSPropertyOp39
 70
     1
102
RTVSPropertyOp40
 70
     1
102
RTVSPropertyOp41
 70
     1
102
RTVSPropertyOp42
 70
     1
102
RTVSPropertyOp43
 70
     1
102
RTVSPropertyOp44
 70
     1
102
RTVSPropertyOp45
 70
     1
102
RTVSPropertyOp46
 70
     1
102
RTVSPropertyOp47
 70
     1
102
RTVSPropertyOp48
 70
     1
102
RTVSPropertyOp49
 70
     1
102
RTVSPropertyOp50
 70
     1
102
RTVSPropertyOp51
 70
     0
102
RTVSPropertyOp52
 70
     0
102
RTVSPropertyOp53
 70
     1
102
RTVSPropertyOp54
 70
     1
102
RTVSPropertyOp55
 70
     1
102
RTVSPropertyOp56
 70
     1
102
RTVSPropertyOp57
 70
     1
102
RTVSPost2010Prop28
280
     0
102
RTVSPost2010PropOp28
 70
     1
102
RTVSPost2010Prop29
280
     1
102
RTVSPost2010PropOp29
 70
     1
102
RTVSPost2010Prop30
280
     1
102
RTVSPost2010PropOp30
 70
     1
102
RTVSPost2010Prop31
280
     0
102
RTVSPost2010PropOp31
 70
     1
102
RTVSPost2010Prop32
280
     0
102
RTVSPost2010PropOp32
 70
     1
102
RTVSPost2010Prop33
280
     0
102
RTVSPost2010PropOp33
 70
     1
102
RTVSPost2010Prop34
280
     0
102
RTVSPost2010PropOp34
 70
     1
102
RTVSPost2010Prop35
280
     0
102
RTVSPost2010PropOp35
 70
     1
102
RTVSPost2010Prop36
280
     0
102
RTVSPost2010PropOp36
 70
     1
102
RTVSPost2010Prop37
 90
       50
102
RTVSPost2010PropOp37
 70
     1
102
RTVSPost2010Prop38
140
0.0
102
RTVSPost2010PropOp38
 70
     1
102
RTVSPost2010Prop39
140
1.0
102
RTVSPost2010PropOp39
 70
     1
102
RTVSPost2010Prop40
 90
        0
102
RTVSPost2010PropOp40
 70
     1
102
RTVSPost2010Prop41ColorIndex
 90
       18
102
RTVSPost2010Prop41ColorRGB
 90
        0
102
RTVSPost2010PropOp41
 70
     1
102
RTVSPost2010Prop42
 90
       50
102
RTVSPost2010PropOp42
 70
     1
102
RTVSPost2010Prop43
 90
        3
102
RTVSPost2010PropOp43
 70
     1
102
RTVSPost2010Prop44ColorIndex
 90
        5
102
RTVSPost2010Prop44ColorRGB
 90
      255
102
RTVSPost2010PropOp44
 70
     1
102
RTVSPost2010Prop45
280
     0
102
RTVSPost2010PropOp45
 70
     1
102
RTVSPost2010Prop46
 90
       50
102
RTVSPost2010PropOp46
 70
     1
102
RTVSPost2010Prop47
 90
       50
102
RTVSPost2010PropOp47
 70
     1
102
RTVSPost2010Prop48
 90
       50
102
RTVSPost2010PropOp48
 70
     1
102
RTVSPost2010Prop49
280
     0
102
RTVSPost2010PropOp49
 70
     1
102
RTVSPost2010Prop50
 90
       50
102
RTVSPost2010PropOp50
 70
     1
102
RTVSPost2010Prop51ColorIndex
 90
      256
102
RTVSPost2010Prop51ColorRGB
 90
-16777216
102
RTVSPost2010PropOp51
 70
     0
102
RTVSPost2010Prop52
140
1.0
102
RTVSPost2010PropOp52
 70
     0
102
RTVSPost2010Prop53
 90
        2
102
RTVSPost2010PropOp53
 70
     1
102
RTVSPost2010Prop54
  1
strokes_ogs.tif
102
RTVSPost2010PropOp54
 70
     1
102
RTVSPost2010Prop55
280
     0
102
RTVSPost2010PropOp55
 70
     1
102
RTVSPost2010Prop56
140
1.0
102
RTVSPost2010PropOp56
 70
     1
102
RTVSPost2010Prop57
140
1.0
102
RTVSPost2010PropOp57
 70
     1
  0
XRECORD
  5
295
102
{ACAD_REACTORS
330
294
102
}
330
294
100
AcDbXrecord
280
     1
102
RTVSPropertyOp0
 70
     0
102
RTVSPropertyOp1
 70
     0
102
RTVSPropertyOp2
 70
     0
102
RTVSPropertyOp3
 70
     0
102
RTVSPropertyOp4
 70
     0
102
RTVSPropertyOp5
 70
     0
102
RTVSPropertyOp6
 70
     0
102
RTVSPropertyOp7
 70
     0
102
RTVSPropertyOp8
 70
     0
102
RTVSPropertyOp9
 70
     0
102
RTVSPropertyOp10
 70
     0
102
RTVSPropertyOp11
 70
     0
102
RTVSPropertyOp12
 70
     0
102
RTVSPropertyOp13
 70
     0
102
RTVSPropertyOp14
 70
     2
102
RTVSPropertyOp15
 70
     0
102
RTVSPropertyOp16
 70
     0
102
RTVSPropertyOp17
 70
     0
102
RTVSPropertyOp18
 70
     0
102
RTVSPropertyOp19
 70
     0
102
RTVSPropertyOp20
 70
     0
102
RTVSPropertyOp21
 70
     0
102
RTVSPropertyOp22
 70
     0
102
RTVSPropertyOp23
 70
     0
102
RTVSPropertyOp24
 70
     0
102
RTVSPropertyOp25
 70
     0
102
RTVSPropertyOp26
 70
     0
102
RTVSPropertyOp27
 70
     0
102
RTVSPropertyOp28
 70
     0
102
RTVSPropertyOp29
 70
     0
102
RTVSPropertyOp30
 70
     0
102
RTVSPropertyOp31
 70
     0
102
RTVSPropertyOp32
 70
     0
102
RTVSPropertyOp33
 70
     0
102
RTVSPropertyOp34
 70
     0
102
RTVSPropertyOp35
 70
     0
102
RTVSPropertyOp36
 70
     0
102
RTVSPropertyOp37
 70
     0
102
RTVSPropertyOp38
 70
     0
102
RTVSPropertyOp39
 70
     0
102
RTVSPropertyOp40
 70
     0
102
RTVSPropertyOp41
 70
     0
102
RTVSPropertyOp42
 70
     0
102
RTVSPropertyOp43
 70
     0
102
RTVSPropertyOp44
 70
     0
102
RTVSPropertyOp45
 70
     0
102
RTVSPropertyOp46
 70
     0
102
RTVSPropertyOp47
 70
     0
102
RTVSPropertyOp48
 70
     0
102
RTVSPropertyOp49
 70
     0
102
RTVSPropertyOp50
 70
     0
102
RTVSPropertyOp51
 70
     0
102
RTVSPropertyOp52
 70
     0
102
RTVSPropertyOp53
 70
     0
102
RTVSPropertyOp54
 70
     0
102
RTVSPropertyOp55
 70
     0
102
RTVSPropertyOp56
 70
     0
102
RTVSPropertyOp57
 70
     0
102
RTVSPost2010Prop28
280
     0
102
RTVSPost2010PropOp28
 70
     0
102
RTVSPost2010Prop29
280
     1
102
RTVSPost2010PropOp29
 70
     0
102
RTVSPost2010Prop30
280
     1
102
RTVSPost2010PropOp30
 70
     0
102
RTVSPost2010Prop31
280
     0
102
RTVSPost2010PropOp31
 70
     0
102
RTVSPost2010Prop32
280
     0
102
RTVSPost2010PropOp32
 70
     0
102
RTVSPost2010Prop33
280
     0
102
RTVSPost2010PropOp33
 70
     0
102
RTVSPost2010Prop34
280
     0
102
RTVSPost2010PropOp34
 70
     0
102
RTVSPost2010Prop35
280
     0
102
RTVSPost2010PropOp35
 70
     0
102
RTVSPost2010Prop36
280
     0
102
RTVSPost2010PropOp36
 70
     0
102
RTVSPost2010Prop37
 90
       50
102
RTVSPost2010PropOp37
 70
     0
102
RTVSPost2010Prop38
140
0.0
102
RTVSPost2010PropOp38
 70
     0
102
RTVSPost2010Prop39
140
1.0
102
RTVSPost2010PropOp39
 70
     0
102
RTVSPost2010Prop40
 90
        0
102
RTVSPost2010PropOp40
 70
     0
102
RTVSPost2010Prop41ColorIndex
 90
       18
102
RTVSPost2010Prop41ColorRGB
 90
        0
102
RTVSPost2010PropOp41
 70
     0
102
RTVSPost2010Prop42
 90
       50
102
RTVSPost2010PropOp42
 70
     0
102
RTVSPost2010Prop43
 90
        3
102
RTVSPost2010PropOp43
 70
     0
102
RTVSPost2010Prop44ColorIndex
 90
        5
102
RTVSPost2010Prop44ColorRGB
 90
      255
102
RTVSPost2010PropOp44
 70
     0
102
RTVSPost2010Prop45
280
     0
102
RTVSPost2010PropOp45
 70
     0
102
RTVSPost2010Prop46
 90
       50
102
RTVSPost2010PropOp46
 70
     0
102
RTVSPost2010Prop47
 90
       50
102
RTVSPost2010PropOp47
 70
     0
102
RTVSPost2010Prop48
 90
       50
102
RTVSPost2010PropOp48
 70
     0
102
RTVSPost2010Prop49
280
     0
102
RTVSPost2010PropOp49
 70
     0
102
RTVSPost2010Prop50
 90
       50
102
RTVSPost2010PropOp50
 70
     0
102
RTVSPost2010Prop51ColorIndex
 90
      256
102
RTVSPost2010Prop51ColorRGB
 90
-16777216
102
RTVSPost2010PropOp51
 70
     0
102
RTVSPost2010Prop52
140
1.0
102
RTVSPost2010PropOp52
 70
     0
102
RTVSPost2010Prop53
 90
        2
102
RTVSPost2010PropOp53
 70
     0
102
RTVSPost2010Prop54
  1
strokes_ogs.tif
102
RTVSPost2010PropOp54
 70
     0
102
RTVSPost2010Prop55
280
     0
102
RTVSPost2010PropOp55
 70
     0
102
RTVSPost2010Prop56
140
1.0
102
RTVSPost2010PropOp56
 70
     0
102
RTVSPost2010Prop57
140
1.0
102
RTVSPost2010PropOp57
 70
     0
  0
XRECORD
  5
28D
102
{ACAD_REACTORS
330
28C
102
}
330
28C
100
AcDbXrecord
280
     1
102
RTVSPropertyOp0
 70
     1
102
RTVSPropertyOp1
 70
     1
102
RTVSPropertyOp2
 70
     1
102
RTVSPropertyOp3
 70
     1
102
RTVSPropertyOp4
 70
     1
102
RTVSPropertyOp5
 70
     1
102
RTVSPropertyOp6
 70
     1
102
RTVSPropertyOp7
 70
     1
102
RTVSPropertyOp8
 70
     1
102
RTVSPropertyOp9
 70
     1
102
RTVSPropertyOp10
 70
     1
102
RTVSPropertyOp11
 70
     1
102
RTVSPropertyOp12
 70
     1
102
RTVSPropertyOp13
 70
     1
102
RTVSPropertyOp14
 70
     1
102
RTVSPropertyOp15
 70
     1
102
RTVSPropertyOp16
 70
     1
102
RTVSPropertyOp17
 70
     1
102
RTVSPropertyOp18
 70
     1
102
RTVSPropertyOp19
 70
     1
102
RTVSPropertyOp20
 70
     1
102
RTVSPropertyOp21
 70
     1
102
RTVSPropertyOp22
 70
     1
102
RTVSPropertyOp23
 70
     1
102
RTVSPropertyOp24
 70
     1
102
RTVSPropertyOp25
 70
     1
102
RTVSPropertyOp26
 70
     1
102
RTVSPropertyOp27
 70
     1
102
RTVSPropertyOp28
 70
     1
102
RTVSPropertyOp29
 70
     1
102
RTVSPropertyOp30
 70
     1
102
RTVSPropertyOp31
 70
     1
102
RTVSPropertyOp32
 70
     1
102
RTVSPropertyOp33
 70
     1
102
RTVSPropertyOp34
 70
     1
102
RTVSPropertyOp35
 70
     1
102
RTVSPropertyOp36
 70
     1
102
RTVSPropertyOp37
 70
     1
102
RTVSPropertyOp38
 70
     1
102
RTVSPropertyOp39
 70
     1
102
RTVSPropertyOp40
 70
     1
102
RTVSPropertyOp41
 70
     1
102
RTVSPropertyOp42
 70
     1
102
RTVSPropertyOp43
 70
     1
102
RTVSPropertyOp44
 70
     1
102
RTVSPropertyOp45
 70
     1
102
RTVSPropertyOp46
 70
     1
102
RTVSPropertyOp47
 70
     1
102
RTVSPropertyOp48
 70
     1
102
RTVSPropertyOp49
 70
     1
102
RTVSPropertyOp50
 70
     1
102
RTVSPropertyOp51
 70
     0
102
RTVSPropertyOp52
 70
     0
102
RTVSPropertyOp53
 70
     1
102
RTVSPropertyOp54
 70
     1
102
RTVSPropertyOp55
 70
     1
102
RTVSPropertyOp56
 70
     1
102
RTVSPropertyOp57
 70
     1
102
RTVSPost2010Prop28
280
     0
102
RTVSPost2010PropOp28
 70
     1
102
RTVSPost2010Prop29
280
     1
102
RTVSPost2010PropOp29
 70
     1
102
RTVSPost2010Prop30
280
     1
102
RTVSPost2010PropOp30
 70
     1
102
RTVSPost2010Prop31
280
     0
102
RTVSPost2010PropOp31
 70
     1
102
RTVSPost2010Prop32
280
     0
102
RTVSPost2010PropOp32
 70
     1
102
RTVSPost2010Prop33
280
     0
102
RTVSPost2010PropOp33
 70
     1
102
RTVSPost2010Prop34
280
     0
102
RTVSPost2010PropOp34
 70
     1
102
RTVSPost2010Prop35
280
     0
102
RTVSPost2010PropOp35
 70
     1
102
RTVSPost2010Prop36
280
     0
102
RTVSPost2010PropOp36
 70
     1
102
RTVSPost2010Prop37
 90
       50
102
RTVSPost2010PropOp37
 70
     1
102
RTVSPost2010Prop38
140
0.0
102
RTVSPost2010PropOp38
 70
     1
102
RTVSPost2010Prop39
140
1.0
102
RTVSPost2010PropOp39
 70
     1
102
RTVSPost2010Prop40
 90
        0
102
RTVSPost2010PropOp40
 70
     1
102
RTVSPost2010Prop41ColorIndex
 90
       18
102
RTVSPost2010Prop41ColorRGB
 90
        0
102
RTVSPost2010PropOp41
 70
     1
102
RTVSPost2010Prop42
 90
       50
102
RTVSPost2010PropOp42
 70
     1
102
RTVSPost2010Prop43
 90
        3
102
RTVSPost2010PropOp43
 70
     1
102
RTVSPost2010Prop44ColorIndex
 90
        5
102
RTVSPost2010Prop44ColorRGB
 90
      255
102
RTVSPost2010PropOp44
 70
     1
102
RTVSPost2010Prop45
280
     0
102
RTVSPost2010PropOp45
 70
     1
102
RTVSPost2010Prop46
 90
       50
102
RTVSPost2010PropOp46
 70
     1
102
RTVSPost2010Prop47
 90
       50
102
RTVSPost2010PropOp47
 70
     1
102
RTVSPost2010Prop48
 90
       50
102
RTVSPost2010PropOp48
 70
     1
102
RTVSPost2010Prop49
280
     0
102
RTVSPost2010PropOp49
 70
     1
102
RTVSPost2010Prop50
 90
       50
102
RTVSPost2010PropOp50
 70
     1
102
RTVSPost2010Prop51ColorIndex
 90
      256
102
RTVSPost2010Prop51ColorRGB
 90
-16777216
102
RTVSPost2010PropOp51
 70
     0
102
RTVSPost2010Prop52
140
1.0
102
RTVSPost2010PropOp52
 70
     0
102
RTVSPost2010Prop53
 90
        2
102
RTVSPost2010PropOp53
 70
     1
102
RTVSPost2010Prop54
  1
strokes_ogs.tif
102
RTVSPost2010PropOp54
 70
     1
102
RTVSPost2010Prop55
280
     0
102
RTVSPost2010PropOp55
 70
     1
102
RTVSPost2010Prop56
140
1.0
102
RTVSPost2010PropOp56
 70
     1
102
RTVSPost2010Prop57
140
1.0
102
RTVSPost2010PropOp57
 70
     1
  0
XRECORD
  5
271
102
{ACAD_REACTORS
330
270
102
}
330
270
100
AcDbXrecord
280
     1
102
RTVSPropertyOp0
 70
     1
102
RTVSPropertyOp1
 70
     1
102
RTVSPropertyOp2
 70
     1
102
RTVSPropertyOp3
 70
     1
102
RTVSPropertyOp4
 70
     1
102
RTVSPropertyOp5
 70
     1
102
RTVSPropertyOp6
 70
     1
102
RTVSPropertyOp7
 70
     1
102
RTVSPropertyOp8
 70
     1
102
RTVSPropertyOp9
 70
     1
102
RTVSPropertyOp10
 70
     1
102
RTVSPropertyOp11
 70
     1
102
RTVSPropertyOp12
 70
     1
102
RTVSPropertyOp13
 70
     1
102
RTVSPropertyOp14
 70
     1
102
RTVSPropertyOp15
 70
     1
102
RTVSPropertyOp16
 70
     1
102
RTVSPropertyOp17
 70
     1
102
RTVSPropertyOp18
 70
     1
102
RTVSPropertyOp19
 70
     1
102
RTVSPropertyOp20
 70
     1
102
RTVSPropertyOp21
 70
     1
102
RTVSPropertyOp22
 70
     1
102
RTVSPropertyOp23
 70
     1
102
RTVSPropertyOp24
 70
     1
102
RTVSPropertyOp25
 70
     1
102
RTVSPropertyOp26
 70
     1
102
RTVSPropertyOp27
 70
     1
102
RTVSPropertyOp28
 70
     1
102
RTVSPropertyOp29
 70
     1
102
RTVSPropertyOp30
 70
     1
102
RTVSPropertyOp31
 70
     1
102
RTVSPropertyOp32
 70
     1
102
RTVSPropertyOp33
 70
     1
102
RTVSPropertyOp34
 70
     1
102
RTVSPropertyOp35
 70
     1
102
RTVSPropertyOp36
 70
     1
102
RTVSPropertyOp37
 70
     1
102
RTVSPropertyOp38
 70
     1
102
RTVSPropertyOp39
 70
     1
102
RTVSPropertyOp40
 70
     1
102
RTVSPropertyOp41
 70
     1
102
RTVSPropertyOp42
 70
     1
102
RTVSPropertyOp43
 70
     1
102
RTVSPropertyOp44
 70
     1
102
RTVSPropertyOp45
 70
     1
102
RTVSPropertyOp46
 70
     1
102
RTVSPropertyOp47
 70
     1
102
RTVSPropertyOp48
 70
     1
102
RTVSPropertyOp49
 70
     1
102
RTVSPropertyOp50
 70
     1
102
RTVSPropertyOp51
 70
     0
102
RTVSPropertyOp52
 70
     0
102
RTVSPropertyOp53
 70
     1
102
RTVSPropertyOp54
 70
     1
102
RTVSPropertyOp55
 70
     1
102
RTVSPropertyOp56
 70
     1
102
RTVSPropertyOp57
 70
     1
102
RTVSPost2010Prop28
280
     0
102
RTVSPost2010PropOp28
 70
     1
102
RTVSPost2010Prop29
280
     1
102
RTVSPost2010PropOp29
 70
     1
102
RTVSPost2010Prop30
280
     1
102
RTVSPost2010PropOp30
 70
     1
102
RTVSPost2010Prop31
280
     0
102
RTVSPost2010PropOp31
 70
     1
102
RTVSPost2010Prop32
280
     0
102
RTVSPost2010PropOp32
 70
     1
102
RTVSPost2010Prop33
280
     0
102
RTVSPost2010PropOp33
 70
     1
102
RTVSPost2010Prop34
280
     0
102
RTVSPost2010PropOp34
 70
     1
102
RTVSPost2010Prop35
280
     0
102
RTVSPost2010PropOp35
 70
     1
102
RTVSPost2010Prop36
280
     0
102
RTVSPost2010PropOp36
 70
     1
102
RTVSPost2010Prop37
 90
       50
102
RTVSPost2010PropOp37
 70
     1
102
RTVSPost2010Prop38
140
0.0
102
RTVSPost2010PropOp38
 70
     1
102
RTVSPost2010Prop39
140
1.0
102
RTVSPost2010PropOp39
 70
     1
102
RTVSPost2010Prop40
 90
        0
102
RTVSPost2010PropOp40
 70
     1
102
RTVSPost2010Prop41ColorIndex
 90
       18
102
RTVSPost2010Prop41ColorRGB
 90
        0
102
RTVSPost2010PropOp41
 70
     1
102
RTVSPost2010Prop42
 90
       50
102
RTVSPost2010PropOp42
 70
     1
102
RTVSPost2010Prop43
 90
        3
102
RTVSPost2010PropOp43
 70
     1
102
RTVSPost2010Prop44ColorIndex
 90
        5
102
RTVSPost2010Prop44ColorRGB
 90
      255
102
RTVSPost2010PropOp44
 70
     1
102
RTVSPost2010Prop45
280
     0
102
RTVSPost2010PropOp45
 70
     1
102
RTVSPost2010Prop46
 90
       50
102
RTVSPost2010PropOp46
 70
     1
102
RTVSPost2010Prop47
 90
       50
102
RTVSPost2010PropOp47
 70
     1
102
RTVSPost2010Prop48
 90
       50
102
RTVSPost2010PropOp48
 70
     1
102
RTVSPost2010Prop49
280
     0
102
RTVSPost2010PropOp49
 70
     1
102
RTVSPost2010Prop50
 90
       50
102
RTVSPost2010PropOp50
 70
     1
102
RTVSPost2010Prop51ColorIndex
 90
      256
102
RTVSPost2010Prop51ColorRGB
 90
-16777216
102
RTVSPost2010PropOp51
 70
     0
102
RTVSPost2010Prop52
140
1.0
102
RTVSPost2010PropOp52
 70
     0
102
RTVSPost2010Prop53
 90
        2
102
RTVSPost2010PropOp53
 70
     1
102
RTVSPost2010Prop54
  1
strokes_ogs.tif
102
RTVSPost2010PropOp54
 70
     1
102
RTVSPost2010Prop55
280
     0
102
RTVSPost2010PropOp55
 70
     1
102
RTVSPost2010Prop56
140
1.0
102
RTVSPost2010PropOp56
 70
     1
102
RTVSPost2010Prop57
140
1.0
102
RTVSPost2010PropOp57
 70
     1
  0
XRECORD
  5
273
102
{ACAD_REACTORS
330
272
102
}
330
272
100
AcDbXrecord
280
     1
102
RTVSPropertyOp0
 70
     1
102
RTVSPropertyOp1
 70
     1
102
RTVSPropertyOp2
 70
     1
102
RTVSPropertyOp3
 70
     1
102
RTVSPropertyOp4
 70
     1
102
RTVSPropertyOp5
 70
     1
102
RTVSPropertyOp6
 70
     1
102
RTVSPropertyOp7
 70
     1
102
RTVSPropertyOp8
 70
     1
102
RTVSPropertyOp9
 70
     1
102
RTVSPropertyOp10
 70
     1
102
RTVSPropertyOp11
 70
     1
102
RTVSPropertyOp12
 70
     1
102
RTVSPropertyOp13
 70
     1
102
RTVSPropertyOp14
 70
     1
102
RTVSPropertyOp15
 70
     1
102
RTVSPropertyOp16
 70
     1
102
RTVSPropertyOp17
 70
     1
102
RTVSPropertyOp18
 70
     1
102
RTVSPropertyOp19
 70
     1
102
RTVSPropertyOp20
 70
     1
102
RTVSPropertyOp21
 70
     1
102
RTVSPropertyOp22
 70
     1
102
RTVSPropertyOp23
 70
     1
102
RTVSPropertyOp24
 70
     1
102
RTVSPropertyOp25
 70
     1
102
RTVSPropertyOp26
 70
     1
102
RTVSPropertyOp27
 70
     1
102
RTVSPropertyOp28
 70
     1
102
RTVSPropertyOp29
 70
     1
102
RTVSPropertyOp30
 70
     1
102
RTVSPropertyOp31
 70
     1
102
RTVSPropertyOp32
 70
     1
102
RTVSPropertyOp33
 70
     1
102
RTVSPropertyOp34
 70
     1
102
RTVSPropertyOp35
 70
     1
102
RTVSPropertyOp36
 70
     1
102
RTVSPropertyOp37
 70
     1
102
RTVSPropertyOp38
 70
     1
102
RTVSPropertyOp39
 70
     1
102
RTVSPropertyOp40
 70
     1
102
RTVSPropertyOp41
 70
     1
102
RTVSPropertyOp42
 70
     1
102
RTVSPropertyOp43
 70
     1
102
RTVSPropertyOp44
 70
     1
102
RTVSPropertyOp45
 70
     1
102
RTVSPropertyOp46
 70
     1
102
RTVSPropertyOp47
 70
     1
102
RTVSPropertyOp48
 70
     1
102
RTVSPropertyOp49
 70
     1
102
RTVSPropertyOp50
 70
     1
102
RTVSPropertyOp51
 70
     0
102
RTVSPropertyOp52
 70
     0
102
RTVSPropertyOp53
 70
     1
102
RTVSPropertyOp54
 70
     1
102
RTVSPropertyOp55
 70
     1
102
RTVSPropertyOp56
 70
     1
102
RTVSPropertyOp57
 70
     1
102
RTVSPost2010Prop28
280
     0
102
RTVSPost2010PropOp28
 70
     1
102
RTVSPost2010Prop29
280
     1
102
RTVSPost2010PropOp29
 70
     1
102
RTVSPost2010Prop30
280
     1
102
RTVSPost2010PropOp30
 70
     1
102
RTVSPost2010Prop31
280
     0
102
RTVSPost2010PropOp31
 70
     1
102
RTVSPost2010Prop32
280
     0
102
RTVSPost2010PropOp32
 70
     1
102
RTVSPost2010Prop33
280
     0
102
RTVSPost2010PropOp33
 70
     1
102
RTVSPost2010Prop34
280
     0
102
RTVSPost2010PropOp34
 70
     1
102
RTVSPost2010Prop35
280
     0
102
RTVSPost2010PropOp35
 70
     1
102
RTVSPost2010Prop36
280
     0
102
RTVSPost2010PropOp36
 70
     1
102
RTVSPost2010Prop37
 90
       50
102
RTVSPost2010PropOp37
 70
     1
102
RTVSPost2010Prop38
140
0.0
102
RTVSPost2010PropOp38
 70
     1
102
RTVSPost2010Prop39
140
1.0
102
RTVSPost2010PropOp39
 70
     1
102
RTVSPost2010Prop40
 90
        0
102
RTVSPost2010PropOp40
 70
     1
102
RTVSPost2010Prop41ColorIndex
 90
       18
102
RTVSPost2010Prop41ColorRGB
 90
        0
102
RTVSPost2010PropOp41
 70
     1
102
RTVSPost2010Prop42
 90
       50
102
RTVSPost2010PropOp42
 70
     1
102
RTVSPost2010Prop43
 90
        3
102
RTVSPost2010PropOp43
 70
     1
102
RTVSPost2010Prop44ColorIndex
 90
        5
102
RTVSPost2010Prop44ColorRGB
 90
      255
102
RTVSPost2010PropOp44
 70
     1
102
RTVSPost2010Prop45
280
     0
102
RTVSPost2010PropOp45
 70
     1
102
RTVSPost2010Prop46
 90
       50
102
RTVSPost2010PropOp46
 70
     1
102
RTVSPost2010Prop47
 90
       50
102
RTVSPost2010PropOp47
 70
     1
102
RTVSPost2010Prop48
 90
       50
102
RTVSPost2010PropOp48
 70
     1
102
RTVSPost2010Prop49
280
     0
102
RTVSPost2010PropOp49
 70
     1
102
RTVSPost2010Prop50
 90
       50
102
RTVSPost2010PropOp50
 70
     1
102
RTVSPost2010Prop51ColorIndex
 90
      256
102
RTVSPost2010Prop51ColorRGB
 90
-16777216
102
RTVSPost2010PropOp51
 70
     0
102
RTVSPost2010Prop52
140
1.0
102
RTVSPost2010PropOp52
 70
     0
102
RTVSPost2010Prop53
 90
        2
102
RTVSPost2010PropOp53
 70
     1
102
RTVSPost2010Prop54
  1
strokes_ogs.tif
102
RTVSPost2010PropOp54
 70
     1
102
RTVSPost2010Prop55
280
     0
102
RTVSPost2010PropOp55
 70
     1
102
RTVSPost2010Prop56
140
1.0
102
RTVSPost2010PropOp56
 70
     1
102
RTVSPost2010Prop57
140
1.0
102
RTVSPost2010PropOp57
 70
     1
  0
XRECORD
  5
275
102
{ACAD_REACTORS
330
274
102
}
330
274
100
AcDbXrecord
280
     1
102
RTVSPropertyOp0
 70
     1
102
RTVSPropertyOp1
 70
     1
102
RTVSPropertyOp2
 70
     1
102
RTVSPropertyOp3
 70
     1
102
RTVSPropertyOp4
 70
     1
102
RTVSPropertyOp5
 70
     1
102
RTVSPropertyOp6
 70
     1
102
RTVSPropertyOp7
 70
     1
102
RTVSPropertyOp8
 70
     1
102
RTVSPropertyOp9
 70
     1
102
RTVSPropertyOp10
 70
     1
102
RTVSPropertyOp11
 70
     1
102
RTVSPropertyOp12
 70
     1
102
RTVSPropertyOp13
 70
     1
102
RTVSPropertyOp14
 70
     1
102
RTVSPropertyOp15
 70
     1
102
RTVSPropertyOp16
 70
     1
102
RTVSPropertyOp17
 70
     1
102
RTVSPropertyOp18
 70
     1
102
RTVSPropertyOp19
 70
     1
102
RTVSPropertyOp20
 70
     1
102
RTVSPropertyOp21
 70
     1
102
RTVSPropertyOp22
 70
     1
102
RTVSPropertyOp23
 70
     1
102
RTVSPropertyOp24
 70
     1
102
RTVSPropertyOp25
 70
     1
102
RTVSPropertyOp26
 70
     1
102
RTVSPropertyOp27
 70
     1
102
RTVSPropertyOp28
 70
     1
102
RTVSPropertyOp29
 70
     1
102
RTVSPropertyOp30
 70
     1
102
RTVSPropertyOp31
 70
     1
102
RTVSPropertyOp32
 70
     1
102
RTVSPropertyOp33
 70
     1
102
RTVSPropertyOp34
 70
     1
102
RTVSPropertyOp35
 70
     1
102
RTVSPropertyOp36
 70
     1
102
RTVSPropertyOp37
 70
     1
102
RTVSPropertyOp38
 70
     1
102
RTVSPropertyOp39
 70
     1
102
RTVSPropertyOp40
 70
     1
102
RTVSPropertyOp41
 70
     1
102
RTVSPropertyOp42
 70
     1
102
RTVSPropertyOp43
 70
     1
102
RTVSPropertyOp44
 70
     1
102
RTVSPropertyOp45
 70
     1
102
RTVSPropertyOp46
 70
     1
102
RTVSPropertyOp47
 70
     1
102
RTVSPropertyOp48
 70
     1
102
RTVSPropertyOp49
 70
     1
102
RTVSPropertyOp50
 70
     1
102
RTVSPropertyOp51
 70
     0
102
RTVSPropertyOp52
 70
     0
102
RTVSPropertyOp53
 70
     1
102
RTVSPropertyOp54
 70
     1
102
RTVSPropertyOp55
 70
     1
102
RTVSPropertyOp56
 70
     1
102
RTVSPropertyOp57
 70
     1
102
RTVSPost2010Prop28
280
     0
102
RTVSPost2010PropOp28
 70
     1
102
RTVSPost2010Prop29
280
     1
102
RTVSPost2010PropOp29
 70
     1
102
RTVSPost2010Prop30
280
     1
102
RTVSPost2010PropOp30
 70
     1
102
RTVSPost2010Prop31
280
     0
102
RTVSPost2010PropOp31
 70
     1
102
RTVSPost2010Prop32
280
     0
102
RTVSPost2010PropOp32
 70
     1
102
RTVSPost2010Prop33
280
     0
102
RTVSPost2010PropOp33
 70
     1
102
RTVSPost2010Prop34
280
     0
102
RTVSPost2010PropOp34
 70
     1
102
RTVSPost2010Prop35
280
     0
102
RTVSPost2010PropOp35
 70
     1
102
RTVSPost2010Prop36
280
     0
102
RTVSPost2010PropOp36
 70
     1
102
RTVSPost2010Prop37
 90
       50
102
RTVSPost2010PropOp37
 70
     1
102
RTVSPost2010Prop38
140
0.0
102
RTVSPost2010PropOp38
 70
     1
102
RTVSPost2010Prop39
140
1.0
102
RTVSPost2010PropOp39
 70
     1
102
RTVSPost2010Prop40
 90
        0
102
RTVSPost2010PropOp40
 70
     1
102
RTVSPost2010Prop41ColorIndex
 90
       18
102
RTVSPost2010Prop41ColorRGB
 90
        0
102
RTVSPost2010PropOp41
 70
     1
102
RTVSPost2010Prop42
 90
       50
102
RTVSPost2010PropOp42
 70
     1
102
RTVSPost2010Prop43
 90
        3
102
RTVSPost2010PropOp43
 70
     1
102
RTVSPost2010Prop44ColorIndex
 90
        5
102
RTVSPost2010Prop44ColorRGB
 90
      255
102
RTVSPost2010PropOp44
 70
     1
102
RTVSPost2010Prop45
280
     0
102
RTVSPost2010PropOp45
 70
     1
102
RTVSPost2010Prop46
 90
       50
102
RTVSPost2010PropOp46
 70
     1
102
RTVSPost2010Prop47
 90
       50
102
RTVSPost2010PropOp47
 70
     1
102
RTVSPost2010Prop48
 90
       50
102
RTVSPost2010PropOp48
 70
     1
102
RTVSPost2010Prop49
280
     0
102
RTVSPost2010PropOp49
 70
     1
102
RTVSPost2010Prop50
 90
       50
102
RTVSPost2010PropOp50
 70
     1
102
RTVSPost2010Prop51ColorIndex
 90
      256
102
RTVSPost2010Prop51ColorRGB
 90
-16777216
102
RTVSPost2010PropOp51
 70
     0
102
RTVSPost2010Prop52
140
1.0
102
RTVSPost2010PropOp52
 70
     0
102
RTVSPost2010Prop53
 90
        2
102
RTVSPost2010PropOp53
 70
     1
102
RTVSPost2010Prop54
  1
strokes_ogs.tif
102
RTVSPost2010PropOp54
 70
     1
102
RTVSPost2010Prop55
280
     0
102
RTVSPost2010PropOp55
 70
     1
102
RTVSPost2010Prop56
140
1.0
102
RTVSPost2010PropOp56
 70
     1
102
RTVSPost2010Prop57
140
1.0
102
RTVSPost2010PropOp57
 70
     1
  0
XRECORD
  5
277
102
{ACAD_REACTORS
330
276
102
}
330
276
100
AcDbXrecord
280
     1
102
RTVSPropertyOp0
 70
     1
102
RTVSPropertyOp1
 70
     1
102
RTVSPropertyOp2
 70
     1
102
RTVSPropertyOp3
 70
     1
102
RTVSPropertyOp4
 70
     1
102
RTVSPropertyOp5
 70
     1
102
RTVSPropertyOp6
 70
     1
102
RTVSPropertyOp7
 70
     1
102
RTVSPropertyOp8
 70
     1
102
RTVSPropertyOp9
 70
     1
102
RTVSPropertyOp10
 70
     1
102
RTVSPropertyOp11
 70
     1
102
RTVSPropertyOp12
 70
     1
102
RTVSPropertyOp13
 70
     1
102
RTVSPropertyOp14
 70
     1
102
RTVSPropertyOp15
 70
     1
102
RTVSPropertyOp16
 70
     1
102
RTVSPropertyOp17
 70
     1
102
RTVSPropertyOp18
 70
     1
102
RTVSPropertyOp19
 70
     1
102
RTVSPropertyOp20
 70
     1
102
RTVSPropertyOp21
 70
     1
102
RTVSPropertyOp22
 70
     1
102
RTVSPropertyOp23
 70
     1
102
RTVSPropertyOp24
 70
     1
102
RTVSPropertyOp25
 70
     1
102
RTVSPropertyOp26
 70
     1
102
RTVSPropertyOp27
 70
     1
102
RTVSPropertyOp28
 70
     1
102
RTVSPropertyOp29
 70
     1
102
RTVSPropertyOp30
 70
     1
102
RTVSPropertyOp31
 70
     1
102
RTVSPropertyOp32
 70
     1
102
RTVSPropertyOp33
 70
     1
102
RTVSPropertyOp34
 70
     1
102
RTVSPropertyOp35
 70
     1
102
RTVSPropertyOp36
 70
     1
102
RTVSPropertyOp37
 70
     1
102
RTVSPropertyOp38
 70
     1
102
RTVSPropertyOp39
 70
     1
102
RTVSPropertyOp40
 70
     1
102
RTVSPropertyOp41
 70
     1
102
RTVSPropertyOp42
 70
     1
102
RTVSPropertyOp43
 70
     1
102
RTVSPropertyOp44
 70
     1
102
RTVSPropertyOp45
 70
     1
102
RTVSPropertyOp46
 70
     1
102
RTVSPropertyOp47
 70
     1
102
RTVSPropertyOp48
 70
     1
102
RTVSPropertyOp49
 70
     1
102
RTVSPropertyOp50
 70
     1
102
RTVSPropertyOp51
 70
     0
102
RTVSPropertyOp52
 70
     0
102
RTVSPropertyOp53
 70
     1
102
RTVSPropertyOp54
 70
     1
102
RTVSPropertyOp55
 70
     1
102
RTVSPropertyOp56
 70
     1
102
RTVSPropertyOp57
 70
     1
102
RTVSPost2010Prop28
280
     0
102
RTVSPost2010PropOp28
 70
     1
102
RTVSPost2010Prop29
280
     1
102
RTVSPost2010PropOp29
 70
     1
102
RTVSPost2010Prop30
280
     1
102
RTVSPost2010PropOp30
 70
     1
102
RTVSPost2010Prop31
280
     0
102
RTVSPost2010PropOp31
 70
     1
102
RTVSPost2010Prop32
280
     0
102
RTVSPost2010PropOp32
 70
     1
102
RTVSPost2010Prop33
280
     0
102
RTVSPost2010PropOp33
 70
     1
102
RTVSPost2010Prop34
280
     0
102
RTVSPost2010PropOp34
 70
     1
102
RTVSPost2010Prop35
280
     0
102
RTVSPost2010PropOp35
 70
     1
102
RTVSPost2010Prop36
280
     0
102
RTVSPost2010PropOp36
 70
     1
102
RTVSPost2010Prop37
 90
       50
102
RTVSPost2010PropOp37
 70
     1
102
RTVSPost2010Prop38
140
0.0
102
RTVSPost2010PropOp38
 70
     1
102
RTVSPost2010Prop39
140
1.0
102
RTVSPost2010PropOp39
 70
     1
102
RTVSPost2010Prop40
 90
        0
102
RTVSPost2010PropOp40
 70
     1
102
RTVSPost2010Prop41ColorIndex
 90
       18
102
RTVSPost2010Prop41ColorRGB
 90
        0
102
RTVSPost2010PropOp41
 70
     1
102
RTVSPost2010Prop42
 90
       50
102
RTVSPost2010PropOp42
 70
     1
102
RTVSPost2010Prop43
 90
        3
102
RTVSPost2010PropOp43
 70
     1
102
RTVSPost2010Prop44ColorIndex
 90
        5
102
RTVSPost2010Prop44ColorRGB
 90
      255
102
RTVSPost2010PropOp44
 70
     1
102
RTVSPost2010Prop45
280
     0
102
RTVSPost2010PropOp45
 70
     1
102
RTVSPost2010Prop46
 90
       50
102
RTVSPost2010PropOp46
 70
     1
102
RTVSPost2010Prop47
 90
       50
102
RTVSPost2010PropOp47
 70
     1
102
RTVSPost2010Prop48
 90
       50
102
RTVSPost2010PropOp48
 70
     1
102
RTVSPost2010Prop49
280
     0
102
RTVSPost2010PropOp49
 70
     1
102
RTVSPost2010Prop50
 90
       50
102
RTVSPost2010PropOp50
 70
     1
102
RTVSPost2010Prop51ColorIndex
 90
      256
102
RTVSPost2010Prop51ColorRGB
 90
-16777216
102
RTVSPost2010PropOp51
 70
     0
102
RTVSPost2010Prop52
140
1.0
102
RTVSPost2010PropOp52
 70
     0
102
RTVSPost2010Prop53
 90
        2
102
RTVSPost2010PropOp53
 70
     1
102
RTVSPost2010Prop54
  1
strokes_ogs.tif
102
RTVSPost2010PropOp54
 70
     1
102
RTVSPost2010Prop55
280
     0
102
RTVSPost2010PropOp55
 70
     1
102
RTVSPost2010Prop56
140
1.0
102
RTVSPost2010PropOp56
 70
     1
102
RTVSPost2010Prop57
140
1.0
102
RTVSPost2010PropOp57
 70
     1
  0
XRECORD
  5
27D
102
{ACAD_REACTORS
330
27C
102
}
330
27C
100
AcDbXrecord
280
     1
102
RTVSPropertyOp0
 70
     1
102
RTVSPropertyOp1
 70
     1
102
RTVSPropertyOp2
 70
     1
102
RTVSPropertyOp3
 70
     1
102
RTVSPropertyOp4
 70
     1
102
RTVSPropertyOp5
 70
     1
102
RTVSPropertyOp6
 70
     1
102
RTVSPropertyOp7
 70
     1
102
RTVSPropertyOp8
 70
     1
102
RTVSPropertyOp9
 70
     1
102
RTVSPropertyOp10
 70
     1
102
RTVSPropertyOp11
 70
     1
102
RTVSPropertyOp12
 70
     1
102
RTVSPropertyOp13
 70
     1
102
RTVSPropertyOp14
 70
     1
102
RTVSPropertyOp15
 70
     1
102
RTVSPropertyOp16
 70
     1
102
RTVSPropertyOp17
 70
     1
102
RTVSPropertyOp18
 70
     1
102
RTVSPropertyOp19
 70
     1
102
RTVSPropertyOp20
 70
     1
102
RTVSPropertyOp21
 70
     1
102
RTVSPropertyOp22
 70
     1
102
RTVSPropertyOp23
 70
     1
102
RTVSPropertyOp24
 70
     1
102
RTVSPropertyOp25
 70
     1
102
RTVSPropertyOp26
 70
     1
102
RTVSPropertyOp27
 70
     1
102
RTVSPropertyOp28
 70
     1
102
RTVSPropertyOp29
 70
     1
102
RTVSPropertyOp30
 70
     1
102
RTVSPropertyOp31
 70
     1
102
RTVSPropertyOp32
 70
     1
102
RTVSPropertyOp33
 70
     1
102
RTVSPropertyOp34
 70
     1
102
RTVSPropertyOp35
 70
     1
102
RTVSPropertyOp36
 70
     1
102
RTVSPropertyOp37
 70
     1
102
RTVSPropertyOp38
 70
     1
102
RTVSPropertyOp39
 70
     1
102
RTVSPropertyOp40
 70
     1
102
RTVSPropertyOp41
 70
     1
102
RTVSPropertyOp42
 70
     1
102
RTVSPropertyOp43
 70
     1
102
RTVSPropertyOp44
 70
     1
102
RTVSPropertyOp45
 70
     1
102
RTVSPropertyOp46
 70
     1
102
RTVSPropertyOp47
 70
     1
102
RTVSPropertyOp48
 70
     1
102
RTVSPropertyOp49
 70
     1
102
RTVSPropertyOp50
 70
     1
102
RTVSPropertyOp51
 70
     0
102
RTVSPropertyOp52
 70
     0
102
RTVSPropertyOp53
 70
     1
102
RTVSPropertyOp54
 70
     1
102
RTVSPropertyOp55
 70
     1
102
RTVSPropertyOp56
 70
     1
102
RTVSPropertyOp57
 70
     1
102
RTVSPost2010Prop28
280
     0
102
RTVSPost2010PropOp28
 70
     1
102
RTVSPost2010Prop29
280
     1
102
RTVSPost2010PropOp29
 70
     1
102
RTVSPost2010Prop30
280
     1
102
RTVSPost2010PropOp30
 70
     1
102
RTVSPost2010Prop31
280
     0
102
RTVSPost2010PropOp31
 70
     1
102
RTVSPost2010Prop32
280
     0
102
RTVSPost2010PropOp32
 70
     1
102
RTVSPost2010Prop33
280
     0
102
RTVSPost2010PropOp33
 70
     1
102
RTVSPost2010Prop34
280
     0
102
RTVSPost2010PropOp34
 70
     1
102
RTVSPost2010Prop35
280
     0
102
RTVSPost2010PropOp35
 70
     1
102
RTVSPost2010Prop36
280
     0
102
RTVSPost2010PropOp36
 70
     1
102
RTVSPost2010Prop37
 90
       50
102
RTVSPost2010PropOp37
 70
     1
102
RTVSPost2010Prop38
140
0.0
102
RTVSPost2010PropOp38
 70
     1
102
RTVSPost2010Prop39
140
1.0
102
RTVSPost2010PropOp39
 70
     1
102
RTVSPost2010Prop40
 90
        0
102
RTVSPost2010PropOp40
 70
     1
102
RTVSPost2010Prop41ColorIndex
 90
       18
102
RTVSPost2010Prop41ColorRGB
 90
        0
102
RTVSPost2010PropOp41
 70
     1
102
RTVSPost2010Prop42
 90
       50
102
RTVSPost2010PropOp42
 70
     1
102
RTVSPost2010Prop43
 90
        3
102
RTVSPost2010PropOp43
 70
     1
102
RTVSPost2010Prop44ColorIndex
 90
        5
102
RTVSPost2010Prop44ColorRGB
 90
      255
102
RTVSPost2010PropOp44
 70
     1
102
RTVSPost2010Prop45
280
     0
102
RTVSPost2010PropOp45
 70
     1
102
RTVSPost2010Prop46
 90
       50
102
RTVSPost2010PropOp46
 70
     1
102
RTVSPost2010Prop47
 90
       50
102
RTVSPost2010PropOp47
 70
     1
102
RTVSPost2010Prop48
 90
       50
102
RTVSPost2010PropOp48
 70
     1
102
RTVSPost2010Prop49
280
     0
102
RTVSPost2010PropOp49
 70
     1
102
RTVSPost2010Prop50
 90
       50
102
RTVSPost2010PropOp50
 70
     1
102
RTVSPost2010Prop51ColorIndex
 90
      256
102
RTVSPost2010Prop51ColorRGB
 90
-16777216
102
RTVSPost2010PropOp51
 70
     0
102
RTVSPost2010Prop52
140
1.0
102
RTVSPost2010PropOp52
 70
     0
102
RTVSPost2010Prop53
 90
        2
102
RTVSPost2010PropOp53
 70
     1
102
RTVSPost2010Prop54
  1
strokes_ogs.tif
102
RTVSPost2010PropOp54
 70
     1
102
RTVSPost2010Prop55
280
     0
102
RTVSPost2010PropOp55
 70
     1
102
RTVSPost2010Prop56
140
1.0
102
RTVSPost2010PropOp56
 70
     1
102
RTVSPost2010Prop57
140
1.0
102
RTVSPost2010PropOp57
 70
     1
  0
XRECORD
  5
291
102
{ACAD_REACTORS
330
290
102
}
330
290
100
AcDbXrecord
280
     1
102
RTVSPropertyOp0
 70
     0
102
RTVSPropertyOp1
 70
     0
102
RTVSPropertyOp2
 70
     0
102
RTVSPropertyOp3
 70
     0
102
RTVSPropertyOp4
 70
     0
102
RTVSPropertyOp5
 70
     0
102
RTVSPropertyOp6
 70
     0
102
RTVSPropertyOp7
 70
     0
102
RTVSPropertyOp8
 70
     0
102
RTVSPropertyOp9
 70
     0
102
RTVSPropertyOp10
 70
     0
102
RTVSPropertyOp11
 70
     0
102
RTVSPropertyOp12
 70
     0
102
RTVSPropertyOp13
 70
     0
102
RTVSPropertyOp14
 70
     2
102
RTVSPropertyOp15
 70
     0
102
RTVSPropertyOp16
 70
     0
102
RTVSPropertyOp17
 70
     0
102
RTVSPropertyOp18
 70
     0
102
RTVSPropertyOp19
 70
     0
102
RTVSPropertyOp20
 70
     0
102
RTVSPropertyOp21
 70
     0
102
RTVSPropertyOp22
 70
     0
102
RTVSPropertyOp23
 70
     0
102
RTVSPropertyOp24
 70
     0
102
RTVSPropertyOp25
 70
     0
102
RTVSPropertyOp26
 70
     0
102
RTVSPropertyOp27
 70
     0
102
RTVSPropertyOp28
 70
     0
102
RTVSPropertyOp29
 70
     0
102
RTVSPropertyOp30
 70
     0
102
RTVSPropertyOp31
 70
     0
102
RTVSPropertyOp32
 70
     0
102
RTVSPropertyOp33
 70
     0
102
RTVSPropertyOp34
 70
     0
102
RTVSPropertyOp35
 70
     0
102
RTVSPropertyOp36
 70
     0
102
RTVSPropertyOp37
 70
     0
102
RTVSPropertyOp38
 70
     0
102
RTVSPropertyOp39
 70
     0
102
RTVSPropertyOp40
 70
     0
102
RTVSPropertyOp41
 70
     0
102
RTVSPropertyOp42
 70
     0
102
RTVSPropertyOp43
 70
     0
102
RTVSPropertyOp44
 70
     0
102
RTVSPropertyOp45
 70
     0
102
RTVSPropertyOp46
 70
     0
102
RTVSPropertyOp47
 70
     0
102
RTVSPropertyOp48
 70
     0
102
RTVSPropertyOp49
 70
     0
102
RTVSPropertyOp50
 70
     0
102
RTVSPropertyOp51
 70
     0
102
RTVSPropertyOp52
 70
     0
102
RTVSPropertyOp53
 70
     0
102
RTVSPropertyOp54
 70
     0
102
RTVSPropertyOp55
 70
     0
102
RTVSPropertyOp56
 70
     0
102
RTVSPropertyOp57
 70
     0
102
RTVSPost2010Prop28
280
     0
102
RTVSPost2010PropOp28
 70
     0
102
RTVSPost2010Prop29
280
     1
102
RTVSPost2010PropOp29
 70
     0
102
RTVSPost2010Prop30
280
     1
102
RTVSPost2010PropOp30
 70
     0
102
RTVSPost2010Prop31
280
     0
102
RTVSPost2010PropOp31
 70
     0
102
RTVSPost2010Prop32
280
     0
102
RTVSPost2010PropOp32
 70
     0
102
RTVSPost2010Prop33
280
     0
102
RTVSPost2010PropOp33
 70
     0
102
RTVSPost2010Prop34
280
     0
102
RTVSPost2010PropOp34
 70
     0
102
RTVSPost2010Prop35
280
     0
102
RTVSPost2010PropOp35
 70
     0
102
RTVSPost2010Prop36
280
     0
102
RTVSPost2010PropOp36
 70
     0
102
RTVSPost2010Prop37
 90
       50
102
RTVSPost2010PropOp37
 70
     0
102
RTVSPost2010Prop38
140
0.0
102
RTVSPost2010PropOp38
 70
     0
102
RTVSPost2010Prop39
140
1.0
102
RTVSPost2010PropOp39
 70
     0
102
RTVSPost2010Prop40
 90
        0
102
RTVSPost2010PropOp40
 70
     0
102
RTVSPost2010Prop41ColorIndex
 90
       18
102
RTVSPost2010Prop41ColorRGB
 90
        0
102
RTVSPost2010PropOp41
 70
     0
102
RTVSPost2010Prop42
 90
       50
102
RTVSPost2010PropOp42
 70
     0
102
RTVSPost2010Prop43
 90
        3
102
RTVSPost2010PropOp43
 70
     0
102
RTVSPost2010Prop44ColorIndex
 90
        5
102
RTVSPost2010Prop44ColorRGB
 90
      255
102
RTVSPost2010PropOp44
 70
     0
102
RTVSPost2010Prop45
280
     0
102
RTVSPost2010PropOp45
 70
     0
102
RTVSPost2010Prop46
 90
       50
102
RTVSPost2010PropOp46
 70
     0
102
RTVSPost2010Prop47
 90
       50
102
RTVSPost2010PropOp47
 70
     0
102
RTVSPost2010Prop48
 90
       50
102
RTVSPost2010PropOp48
 70
     0
102
RTVSPost2010Prop49
280
     0
102
RTVSPost2010PropOp49
 70
     0
102
RTVSPost2010Prop50
 90
       50
102
RTVSPost2010PropOp50
 70
     0
102
RTVSPost2010Prop51ColorIndex
 90
      256
102
RTVSPost2010Prop51ColorRGB
 90
-16777216
102
RTVSPost2010PropOp51
 70
     0
102
RTVSPost2010Prop52
140
1.0
102
RTVSPost2010PropOp52
 70
     0
102
RTVSPost2010Prop53
 90
        2
102
RTVSPost2010PropOp53
 70
     0
102
RTVSPost2010Prop54
  1
strokes_ogs.tif
102
RTVSPost2010PropOp54
 70
     0
102
RTVSPost2010Prop55
280
     0
102
RTVSPost2010PropOp55
 70
     0
102
RTVSPost2010Prop56
140
1.0
102
RTVSPost2010PropOp56
 70
     0
102
RTVSPost2010Prop57
140
1.0
102
RTVSPost2010PropOp57
 70
     0
  0
XRECORD
  5
28B
102
{ACAD_REACTORS
330
28A
102
}
330
28A
100
AcDbXrecord
280
     1
102
RTVSPropertyOp0
 70
     1
102
RTVSPropertyOp1
 70
     1
102
RTVSPropertyOp2
 70
     1
102
RTVSPropertyOp3
 70
     1
102
RTVSPropertyOp4
 70
     1
102
RTVSPropertyOp5
 70
     1
102
RTVSPropertyOp6
 70
     1
102
RTVSPropertyOp7
 70
     1
102
RTVSPropertyOp8
 70
     1
102
RTVSPropertyOp9
 70
     1
102
RTVSPropertyOp10
 70
     1
102
RTVSPropertyOp11
 70
     1
102
RTVSPropertyOp12
 70
     1
102
RTVSPropertyOp13
 70
     1
102
RTVSPropertyOp14
 70
     1
102
RTVSPropertyOp15
 70
     1
102
RTVSPropertyOp16
 70
     1
102
RTVSPropertyOp17
 70
     1
102
RTVSPropertyOp18
 70
     1
102
RTVSPropertyOp19
 70
     1
102
RTVSPropertyOp20
 70
     1
102
RTVSPropertyOp21
 70
     1
102
RTVSPropertyOp22
 70
     1
102
RTVSPropertyOp23
 70
     1
102
RTVSPropertyOp24
 70
     1
102
RTVSPropertyOp25
 70
     1
102
RTVSPropertyOp26
 70
     1
102
RTVSPropertyOp27
 70
     1
102
RTVSPropertyOp28
 70
     1
102
RTVSPropertyOp29
 70
     1
102
RTVSPropertyOp30
 70
     1
102
RTVSPropertyOp31
 70
     1
102
RTVSPropertyOp32
 70
     1
102
RTVSPropertyOp33
 70
     1
102
RTVSPropertyOp34
 70
     1
102
RTVSPropertyOp35
 70
     1
102
RTVSPropertyOp36
 70
     1
102
RTVSPropertyOp37
 70
     1
102
RTVSPropertyOp38
 70
     1
102
RTVSPropertyOp39
 70
     1
102
RTVSPropertyOp40
 70
     1
102
RTVSPropertyOp41
 70
     1
102
RTVSPropertyOp42
 70
     1
102
RTVSPropertyOp43
 70
     1
102
RTVSPropertyOp44
 70
     1
102
RTVSPropertyOp45
 70
     1
102
RTVSPropertyOp46
 70
     1
102
RTVSPropertyOp47
 70
     1
102
RTVSPropertyOp48
 70
     1
102
RTVSPropertyOp49
 70
     1
102
RTVSPropertyOp50
 70
     1
102
RTVSPropertyOp51
 70
     0
102
RTVSPropertyOp52
 70
     0
102
RTVSPropertyOp53
 70
     1
102
RTVSPropertyOp54
 70
     1
102
RTVSPropertyOp55
 70
     1
102
RTVSPropertyOp56
 70
     1
102
RTVSPropertyOp57
 70
     1
102
RTVSPost2010Prop28
280
     0
102
RTVSPost2010PropOp28
 70
     1
102
RTVSPost2010Prop29
280
     1
102
RTVSPost2010PropOp29
 70
     1
102
RTVSPost2010Prop30
280
     1
102
RTVSPost2010PropOp30
 70
     1
102
RTVSPost2010Prop31
280
     0
102
RTVSPost2010PropOp31
 70
     1
102
RTVSPost2010Prop32
280
     0
102
RTVSPost2010PropOp32
 70
     1
102
RTVSPost2010Prop33
280
     0
102
RTVSPost2010PropOp33
 70
     1
102
RTVSPost2010Prop34
280
     0
102
RTVSPost2010PropOp34
 70
     1
102
RTVSPost2010Prop35
280
     0
102
RTVSPost2010PropOp35
 70
     1
102
RTVSPost2010Prop36
280
     0
102
RTVSPost2010PropOp36
 70
     1
102
RTVSPost2010Prop37
 90
       50
102
RTVSPost2010PropOp37
 70
     1
102
RTVSPost2010Prop38
140
0.0
102
RTVSPost2010PropOp38
 70
     1
102
RTVSPost2010Prop39
140
1.0
102
RTVSPost2010PropOp39
 70
     1
102
RTVSPost2010Prop40
 90
        0
102
RTVSPost2010PropOp40
 70
     1
102
RTVSPost2010Prop41ColorIndex
 90
       18
102
RTVSPost2010Prop41ColorRGB
 90
        0
102
RTVSPost2010PropOp41
 70
     1
102
RTVSPost2010Prop42
 90
       50
102
RTVSPost2010PropOp42
 70
     1
102
RTVSPost2010Prop43
 90
        3
102
RTVSPost2010PropOp43
 70
     1
102
RTVSPost2010Prop44ColorIndex
 90
        5
102
RTVSPost2010Prop44ColorRGB
 90
      255
102
RTVSPost2010PropOp44
 70
     1
102
RTVSPost2010Prop45
280
     0
102
RTVSPost2010PropOp45
 70
     1
102
RTVSPost2010Prop46
 90
       50
102
RTVSPost2010PropOp46
 70
     1
102
RTVSPost2010Prop47
 90
       50
102
RTVSPost2010PropOp47
 70
     1
102
RTVSPost2010Prop48
 90
       50
102
RTVSPost2010PropOp48
 70
     1
102
RTVSPost2010Prop49
280
     0
102
RTVSPost2010PropOp49
 70
     1
102
RTVSPost2010Prop50
 90
       50
102
RTVSPost2010PropOp50
 70
     1
102
RTVSPost2010Prop51ColorIndex
 90
      256
102
RTVSPost2010Prop51ColorRGB
 90
-16777216
102
RTVSPost2010PropOp51
 70
     0
102
RTVSPost2010Prop52
140
1.0
102
RTVSPost2010PropOp52
 70
     0
102
RTVSPost2010Prop53
 90
        2
102
RTVSPost2010PropOp53
 70
     1
102
RTVSPost2010Prop54
  1
strokes_ogs.tif
102
RTVSPost2010PropOp54
 70
     1
102
RTVSPost2010Prop55
280
     0
102
RTVSPost2010PropOp55
 70
     1
102
RTVSPost2010Prop56
140
1.0
102
RTVSPost2010PropOp56
 70
     1
102
RTVSPost2010Prop57
140
1.0
102
RTVSPost2010PropOp57
 70
     1
  0
XRECORD
  5
293
102
{ACAD_REACTORS
330
292
102
}
330
292
100
AcDbXrecord
280
     1
102
RTVSPropertyOp0
 70
     0
102
RTVSPropertyOp1
 70
     0
102
RTVSPropertyOp2
 70
     0
102
RTVSPropertyOp3
 70
     0
102
RTVSPropertyOp4
 70
     0
102
RTVSPropertyOp5
 70
     0
102
RTVSPropertyOp6
 70
     0
102
RTVSPropertyOp7
 70
     0
102
RTVSPropertyOp8
 70
     0
102
RTVSPropertyOp9
 70
     0
102
RTVSPropertyOp10
 70
     0
102
RTVSPropertyOp11
 70
     0
102
RTVSPropertyOp12
 70
     0
102
RTVSPropertyOp13
 70
     0
102
RTVSPropertyOp14
 70
     2
102
RTVSPropertyOp15
 70
     0
102
RTVSPropertyOp16
 70
     0
102
RTVSPropertyOp17
 70
     0
102
RTVSPropertyOp18
 70
     0
102
RTVSPropertyOp19
 70
     0
102
RTVSPropertyOp20
 70
     0
102
RTVSPropertyOp21
 70
     0
102
RTVSPropertyOp22
 70
     0
102
RTVSPropertyOp23
 70
     0
102
RTVSPropertyOp24
 70
     0
102
RTVSPropertyOp25
 70
     0
102
RTVSPropertyOp26
 70
     0
102
RTVSPropertyOp27
 70
     0
102
RTVSPropertyOp28
 70
     0
102
RTVSPropertyOp29
 70
     0
102
RTVSPropertyOp30
 70
     0
102
RTVSPropertyOp31
 70
     0
102
RTVSPropertyOp32
 70
     0
102
RTVSPropertyOp33
 70
     0
102
RTVSPropertyOp34
 70
     0
102
RTVSPropertyOp35
 70
     0
102
RTVSPropertyOp36
 70
     0
102
RTVSPropertyOp37
 70
     0
102
RTVSPropertyOp38
 70
     0
102
RTVSPropertyOp39
 70
     0
102
RTVSPropertyOp40
 70
     0
102
RTVSPropertyOp41
 70
     0
102
RTVSPropertyOp42
 70
     0
102
RTVSPropertyOp43
 70
     0
102
RTVSPropertyOp44
 70
     0
102
RTVSPropertyOp45
 70
     0
102
RTVSPropertyOp46
 70
     0
102
RTVSPropertyOp47
 70
     0
102
RTVSPropertyOp48
 70
     0
102
RTVSPropertyOp49
 70
     0
102
RTVSPropertyOp50
 70
     0
102
RTVSPropertyOp51
 70
     0
102
RTVSPropertyOp52
 70
     0
102
RTVSPropertyOp53
 70
     0
102
RTVSPropertyOp54
 70
     0
102
RTVSPropertyOp55
 70
     0
102
RTVSPropertyOp56
 70
     0
102
RTVSPropertyOp57
 70
     0
102
RTVSPost2010Prop28
280
     0
102
RTVSPost2010PropOp28
 70
     0
102
RTVSPost2010Prop29
280
     1
102
RTVSPost2010PropOp29
 70
     0
102
RTVSPost2010Prop30
280
     1
102
RTVSPost2010PropOp30
 70
     0
102
RTVSPost2010Prop31
280
     0
102
RTVSPost2010PropOp31
 70
     0
102
RTVSPost2010Prop32
280
     0
102
RTVSPost2010PropOp32
 70
     0
102
RTVSPost2010Prop33
280
     0
102
RTVSPost2010PropOp33
 70
     0
102
RTVSPost2010Prop34
280
     0
102
RTVSPost2010PropOp34
 70
     0
102
RTVSPost2010Prop35
280
     0
102
RTVSPost2010PropOp35
 70
     0
102
RTVSPost2010Prop36
280
     0
102
RTVSPost2010PropOp36
 70
     0
102
RTVSPost2010Prop37
 90
       50
102
RTVSPost2010PropOp37
 70
     0
102
RTVSPost2010Prop38
140
0.0
102
RTVSPost2010PropOp38
 70
     0
102
RTVSPost2010Prop39
140
1.0
102
RTVSPost2010PropOp39
 70
     0
102
RTVSPost2010Prop40
 90
        0
102
RTVSPost2010PropOp40
 70
     0
102
RTVSPost2010Prop41ColorIndex
 90
       18
102
RTVSPost2010Prop41ColorRGB
 90
        0
102
RTVSPost2010PropOp41
 70
     0
102
RTVSPost2010Prop42
 90
       50
102
RTVSPost2010PropOp42
 70
     0
102
RTVSPost2010Prop43
 90
        3
102
RTVSPost2010PropOp43
 70
     0
102
RTVSPost2010Prop44ColorIndex
 90
        5
102
RTVSPost2010Prop44ColorRGB
 90
      255
102
RTVSPost2010PropOp44
 70
     0
102
RTVSPost2010Prop45
280
     0
102
RTVSPost2010PropOp45
 70
     0
102
RTVSPost2010Prop46
 90
       50
102
RTVSPost2010PropOp46
 70
     0
102
RTVSPost2010Prop47
 90
       50
102
RTVSPost2010PropOp47
 70
     0
102
RTVSPost2010Prop48
 90
       50
102
RTVSPost2010PropOp48
 70
     0
102
RTVSPost2010Prop49
280
     0
102
RTVSPost2010PropOp49
 70
     0
102
RTVSPost2010Prop50
 90
       50
102
RTVSPost2010PropOp50
 70
     0
102
RTVSPost2010Prop51ColorIndex
 90
      256
102
RTVSPost2010Prop51ColorRGB
 90
-16777216
102
RTVSPost2010PropOp51
 70
     0
102
RTVSPost2010Prop52
140
1.0
102
RTVSPost2010PropOp52
 70
     0
102
RTVSPost2010Prop53
 90
        2
102
RTVSPost2010PropOp53
 70
     0
102
RTVSPost2010Prop54
  1
strokes_ogs.tif
102
RTVSPost2010PropOp54
 70
     0
102
RTVSPost2010Prop55
280
     0
102
RTVSPost2010PropOp55
 70
     0
102
RTVSPost2010Prop56
140
1.0
102
RTVSPost2010PropOp56
 70
     0
102
RTVSPost2010Prop57
140
1.0
102
RTVSPost2010PropOp57
 70
     0
  0
XRECORD
  5
281
102
{ACAD_REACTORS
330
280
102
}
330
280
100
AcDbXrecord
280
     1
102
RTVSPropertyOp0
 70
     1
102
RTVSPropertyOp1
 70
     1
102
RTVSPropertyOp2
 70
     1
102
RTVSPropertyOp3
 70
     1
102
RTVSPropertyOp4
 70
     1
102
RTVSPropertyOp5
 70
     1
102
RTVSPropertyOp6
 70
     1
102
RTVSPropertyOp7
 70
     1
102
RTVSPropertyOp8
 70
     1
102
RTVSPropertyOp9
 70
     1
102
RTVSPropertyOp10
 70
     1
102
RTVSPropertyOp11
 70
     1
102
RTVSPropertyOp12
 70
     1
102
RTVSPropertyOp13
 70
     1
102
RTVSPropertyOp14
 70
     1
102
RTVSPropertyOp15
 70
     1
102
RTVSPropertyOp16
 70
     1
102
RTVSPropertyOp17
 70
     1
102
RTVSPropertyOp18
 70
     1
102
RTVSPropertyOp19
 70
     1
102
RTVSPropertyOp20
 70
     1
102
RTVSPropertyOp21
 70
     1
102
RTVSPropertyOp22
 70
     1
102
RTVSPropertyOp23
 70
     1
102
RTVSPropertyOp24
 70
     1
102
RTVSPropertyOp25
 70
     1
102
RTVSPropertyOp26
 70
     1
102
RTVSPropertyOp27
 70
     1
102
RTVSPropertyOp28
 70
     1
102
RTVSPropertyOp29
 70
     1
102
RTVSPropertyOp30
 70
     1
102
RTVSPropertyOp31
 70
     1
102
RTVSPropertyOp32
 70
     1
102
RTVSPropertyOp33
 70
     1
102
RTVSPropertyOp34
 70
     1
102
RTVSPropertyOp35
 70
     1
102
RTVSPropertyOp36
 70
     1
102
RTVSPropertyOp37
 70
     1
102
RTVSPropertyOp38
 70
     1
102
RTVSPropertyOp39
 70
     1
102
RTVSPropertyOp40
 70
     1
102
RTVSPropertyOp41
 70
     1
102
RTVSPropertyOp42
 70
     1
102
RTVSPropertyOp43
 70
     1
102
RTVSPropertyOp44
 70
     1
102
RTVSPropertyOp45
 70
     1
102
RTVSPropertyOp46
 70
     1
102
RTVSPropertyOp47
 70
     1
102
RTVSPropertyOp48
 70
     1
102
RTVSPropertyOp49
 70
     1
102
RTVSPropertyOp50
 70
     1
102
RTVSPropertyOp51
 70
     0
102
RTVSPropertyOp52
 70
     0
102
RTVSPropertyOp53
 70
     1
102
RTVSPropertyOp54
 70
     1
102
RTVSPropertyOp55
 70
     1
102
RTVSPropertyOp56
 70
     1
102
RTVSPropertyOp57
 70
     1
102
RTVSPost2010Prop28
280
     0
102
RTVSPost2010PropOp28
 70
     1
102
RTVSPost2010Prop29
280
     1
102
RTVSPost2010PropOp29
 70
     1
102
RTVSPost2010Prop30
280
     1
102
RTVSPost2010PropOp30
 70
     1
102
RTVSPost2010Prop31
280
     0
102
RTVSPost2010PropOp31
 70
     1
102
RTVSPost2010Prop32
280
     0
102
RTVSPost2010PropOp32
 70
     1
102
RTVSPost2010Prop33
280
     0
102
RTVSPost2010PropOp33
 70
     1
102
RTVSPost2010Prop34
280
     0
102
RTVSPost2010PropOp34
 70
     1
102
RTVSPost2010Prop35
280
     0
102
RTVSPost2010PropOp35
 70
     1
102
RTVSPost2010Prop36
280
     0
102
RTVSPost2010PropOp36
 70
     1
102
RTVSPost2010Prop37
 90
       50
102
RTVSPost2010PropOp37
 70
     1
102
RTVSPost2010Prop38
140
0.0
102
RTVSPost2010PropOp38
 70
     1
102
RTVSPost2010Prop39
140
1.0
102
RTVSPost2010PropOp39
 70
     1
102
RTVSPost2010Prop40
 90
        0
102
RTVSPost2010PropOp40
 70
     1
102
RTVSPost2010Prop41ColorIndex
 90
       18
102
RTVSPost2010Prop41ColorRGB
 90
        0
102
RTVSPost2010PropOp41
 70
     1
102
RTVSPost2010Prop42
 90
       50
102
RTVSPost2010PropOp42
 70
     1
102
RTVSPost2010Prop43
 90
        3
102
RTVSPost2010PropOp43
 70
     1
102
RTVSPost2010Prop44ColorIndex
 90
        5
102
RTVSPost2010Prop44ColorRGB
 90
      255
102
RTVSPost2010PropOp44
 70
     1
102
RTVSPost2010Prop45
280
     0
102
RTVSPost2010PropOp45
 70
     1
102
RTVSPost2010Prop46
 90
       50
102
RTVSPost2010PropOp46
 70
     1
102
RTVSPost2010Prop47
 90
       50
102
RTVSPost2010PropOp47
 70
     1
102
RTVSPost2010Prop48
 90
       50
102
RTVSPost2010PropOp48
 70
     1
102
RTVSPost2010Prop49
280
     0
102
RTVSPost2010PropOp49
 70
     1
102
RTVSPost2010Prop50
 90
       50
102
RTVSPost2010PropOp50
 70
     1
102
RTVSPost2010Prop51ColorIndex
 90
      256
102
RTVSPost2010Prop51ColorRGB
 90
-16777216
102
RTVSPost2010PropOp51
 70
     0
102
RTVSPost2010Prop52
140
1.0
102
RTVSPost2010PropOp52
 70
     0
102
RTVSPost2010Prop53
 90
        2
102
RTVSPost2010PropOp53
 70
     1
102
RTVSPost2010Prop54
  1
strokes_ogs.tif
102
RTVSPost2010PropOp54
 70
     1
102
RTVSPost2010Prop55
280
     0
102
RTVSPost2010PropOp55
 70
     1
102
RTVSPost2010Prop56
140
1.0
102
RTVSPost2010PropOp56
 70
     1
102
RTVSPost2010Prop57
140
1.0
102
RTVSPost2010PropOp57
 70
     1
  0
XRECORD
  5
29F
102
{ACAD_REACTORS
330
29E
102
}
330
29E
100
AcDbXrecord
280
     1
102
RTVSPropertyOp0
 70
     1
102
RTVSPropertyOp1
 70
     1
102
RTVSPropertyOp2
 70
     1
102
RTVSPropertyOp3
 70
     1
102
RTVSPropertyOp4
 70
     1
102
RTVSPropertyOp5
 70
     1
102
RTVSPropertyOp6
 70
     1
102
RTVSPropertyOp7
 70
     1
102
RTVSPropertyOp8
 70
     1
102
RTVSPropertyOp9
 70
     1
102
RTVSPropertyOp10
 70
     1
102
RTVSPropertyOp11
 70
     1
102
RTVSPropertyOp12
 70
     1
102
RTVSPropertyOp13
 70
     1
102
RTVSPropertyOp14
 70
     1
102
RTVSPropertyOp15
 70
     1
102
RTVSPropertyOp16
 70
     1
102
RTVSPropertyOp17
 70
     1
102
RTVSPropertyOp18
 70
     1
102
RTVSPropertyOp19
 70
     1
102
RTVSPropertyOp20
 70
     1
102
RTVSPropertyOp21
 70
     1
102
RTVSPropertyOp22
 70
     1
102
RTVSPropertyOp23
 70
     1
102
RTVSPropertyOp24
 70
     1
102
RTVSPropertyOp25
 70
     1
102
RTVSPropertyOp26
 70
     1
102
RTVSPropertyOp27
 70
     1
102
RTVSPropertyOp28
 70
     1
102
RTVSPropertyOp29
 70
     1
102
RTVSPropertyOp30
 70
     1
102
RTVSPropertyOp31
 70
     1
102
RTVSPropertyOp32
 70
     1
102
RTVSPropertyOp33
 70
     1
102
RTVSPropertyOp34
 70
     1
102
RTVSPropertyOp35
 70
     1
102
RTVSPropertyOp36
 70
     1
102
RTVSPropertyOp37
 70
     1
102
RTVSPropertyOp38
 70
     1
102
RTVSPropertyOp39
 70
     1
102
RTVSPropertyOp40
 70
     1
102
RTVSPropertyOp41
 70
     1
102
RTVSPropertyOp42
 70
     1
102
RTVSPropertyOp43
 70
     1
102
RTVSPropertyOp44
 70
     1
102
RTVSPropertyOp45
 70
     1
102
RTVSPropertyOp46
 70
     1
102
RTVSPropertyOp47
 70
     1
102
RTVSPropertyOp48
 70
     1
102
RTVSPropertyOp49
 70
     1
102
RTVSPropertyOp50
 70
     1
102
RTVSPropertyOp51
 70
     0
102
RTVSPropertyOp52
 70
     0
102
RTVSPropertyOp53
 70
     1
102
RTVSPropertyOp54
 70
     1
102
RTVSPropertyOp55
 70
     1
102
RTVSPropertyOp56
 70
     1
102
RTVSPropertyOp57
 70
     1
102
RTVSPost2010Prop28
280
     0
102
RTVSPost2010PropOp28
 70
     1
102
RTVSPost2010Prop29
280
     1
102
RTVSPost2010PropOp29
 70
     1
102
RTVSPost2010Prop30
280
     1
102
RTVSPost2010PropOp30
 70
     1
102
RTVSPost2010Prop31
280
     0
102
RTVSPost2010PropOp31
 70
     1
102
RTVSPost2010Prop32
280
     0
102
RTVSPost2010PropOp32
 70
     1
102
RTVSPost2010Prop33
280
     0
102
RTVSPost2010PropOp33
 70
     1
102
RTVSPost2010Prop34
280
     0
102
RTVSPost2010PropOp34
 70
     1
102
RTVSPost2010Prop35
280
     0
102
RTVSPost2010PropOp35
 70
     1
102
RTVSPost2010Prop36
280
     0
102
RTVSPost2010PropOp36
 70
     1
102
RTVSPost2010Prop37
 90
       50
102
RTVSPost2010PropOp37
 70
     1
102
RTVSPost2010Prop38
140
0.0
102
RTVSPost2010PropOp38
 70
     1
102
RTVSPost2010Prop39
140
1.0
102
RTVSPost2010PropOp39
 70
     1
102
RTVSPost2010Prop40
 90
        0
102
RTVSPost2010PropOp40
 70
     1
102
RTVSPost2010Prop41ColorIndex
 90
       18
102
RTVSPost2010Prop41ColorRGB
 90
        0
102
RTVSPost2010PropOp41
 70
     1
102
RTVSPost2010Prop42
 90
       50
102
RTVSPost2010PropOp42
 70
     1
102
RTVSPost2010Prop43
 90
        3
102
RTVSPost2010PropOp43
 70
     1
102
RTVSPost2010Prop44ColorIndex
 90
        5
102
RTVSPost2010Prop44ColorRGB
 90
      255
102
RTVSPost2010PropOp44
 70
     1
102
RTVSPost2010Prop45
280
     0
102
RTVSPost2010PropOp45
 70
     1
102
RTVSPost2010Prop46
 90
       50
102
RTVSPost2010PropOp46
 70
     1
102
RTVSPost2010Prop47
 90
       50
102
RTVSPost2010PropOp47
 70
     1
102
RTVSPost2010Prop48
 90
       50
102
RTVSPost2010PropOp48
 70
     1
102
RTVSPost2010Prop49
280
     0
102
RTVSPost2010PropOp49
 70
     1
102
RTVSPost2010Prop50
 90
       50
102
RTVSPost2010PropOp50
 70
     1
102
RTVSPost2010Prop51ColorIndex
 90
      256
102
RTVSPost2010Prop51ColorRGB
 90
-16777216
102
RTVSPost2010PropOp51
 70
     0
102
RTVSPost2010Prop52
140
1.0
102
RTVSPost2010PropOp52
 70
     0
102
RTVSPost2010Prop53
 90
        2
102
RTVSPost2010PropOp53
 70
     1
102
RTVSPost2010Prop54
  1
strokes_ogs.tif
102
RTVSPost2010PropOp54
 70
     1
102
RTVSPost2010Prop55
280
     0
102
RTVSPost2010PropOp55
 70
     1
102
RTVSPost2010Prop56
140
1.0
102
RTVSPost2010PropOp56
 70
     1
102
RTVSPost2010Prop57
140
1.0
102
RTVSPost2010PropOp57
 70
     1
  0
XRECORD
  5
29D
102
{ACAD_REACTORS
330
29C
102
}
330
29C
100
AcDbXrecord
280
     1
102
RTVSPropertyOp0
 70
     1
102
RTVSPropertyOp1
 70
     1
102
RTVSPropertyOp2
 70
     1
102
RTVSPropertyOp3
 70
     1
102
RTVSPropertyOp4
 70
     1
102
RTVSPropertyOp5
 70
     1
102
RTVSPropertyOp6
 70
     1
102
RTVSPropertyOp7
 70
     1
102
RTVSPropertyOp8
 70
     1
102
RTVSPropertyOp9
 70
     1
102
RTVSPropertyOp10
 70
     1
102
RTVSPropertyOp11
 70
     1
102
RTVSPropertyOp12
 70
     1
102
RTVSPropertyOp13
 70
     1
102
RTVSPropertyOp14
 70
     1
102
RTVSPropertyOp15
 70
     1
102
RTVSPropertyOp16
 70
     1
102
RTVSPropertyOp17
 70
     1
102
RTVSPropertyOp18
 70
     1
102
RTVSPropertyOp19
 70
     1
102
RTVSPropertyOp20
 70
     1
102
RTVSPropertyOp21
 70
     1
102
RTVSPropertyOp22
 70
     1
102
RTVSPropertyOp23
 70
     1
102
RTVSPropertyOp24
 70
     1
102
RTVSPropertyOp25
 70
     1
102
RTVSPropertyOp26
 70
     1
102
RTVSPropertyOp27
 70
     1
102
RTVSPropertyOp28
 70
     1
102
RTVSPropertyOp29
 70
     1
102
RTVSPropertyOp30
 70
     1
102
RTVSPropertyOp31
 70
     1
102
RTVSPropertyOp32
 70
     1
102
RTVSPropertyOp33
 70
     1
102
RTVSPropertyOp34
 70
     1
102
RTVSPropertyOp35
 70
     1
102
RTVSPropertyOp36
 70
     1
102
RTVSPropertyOp37
 70
     1
102
RTVSPropertyOp38
 70
     1
102
RTVSPropertyOp39
 70
     1
102
RTVSPropertyOp40
 70
     1
102
RTVSPropertyOp41
 70
     1
102
RTVSPropertyOp42
 70
     1
102
RTVSPropertyOp43
 70
     1
102
RTVSPropertyOp44
 70
     1
102
RTVSPropertyOp45
 70
     1
102
RTVSPropertyOp46
 70
     1
102
RTVSPropertyOp47
 70
     1
102
RTVSPropertyOp48
 70
     1
102
RTVSPropertyOp49
 70
     1
102
RTVSPropertyOp50
 70
     1
102
RTVSPropertyOp51
 70
     0
102
RTVSPropertyOp52
 70
     0
102
RTVSPropertyOp53
 70
     1
102
RTVSPropertyOp54
 70
     1
102
RTVSPropertyOp55
 70
     1
102
RTVSPropertyOp56
 70
     1
102
RTVSPropertyOp57
 70
     1
102
RTVSPost2010Prop28
280
     0
102
RTVSPost2010PropOp28
 70
     1
102
RTVSPost2010Prop29
280
     1
102
RTVSPost2010PropOp29
 70
     1
102
RTVSPost2010Prop30
280
     1
102
RTVSPost2010PropOp30
 70
     1
102
RTVSPost2010Prop31
280
     0
102
RTVSPost2010PropOp31
 70
     1
102
RTVSPost2010Prop32
280
     0
102
RTVSPost2010PropOp32
 70
     1
102
RTVSPost2010Prop33
280
     0
102
RTVSPost2010PropOp33
 70
     1
102
RTVSPost2010Prop34
280
     0
102
RTVSPost2010PropOp34
 70
     1
102
RTVSPost2010Prop35
280
     0
102
RTVSPost2010PropOp35
 70
     1
102
RTVSPost2010Prop36
280
     0
102
RTVSPost2010PropOp36
 70
     1
102
RTVSPost2010Prop37
 90
       50
102
RTVSPost2010PropOp37
 70
     1
102
RTVSPost2010Prop38
140
0.0
102
RTVSPost2010PropOp38
 70
     1
102
RTVSPost2010Prop39
140
1.0
102
RTVSPost2010PropOp39
 70
     1
102
RTVSPost2010Prop40
 90
        0
102
RTVSPost2010PropOp40
 70
     1
102
RTVSPost2010Prop41ColorIndex
 90
       18
102
RTVSPost2010Prop41ColorRGB
 90
        0
102
RTVSPost2010PropOp41
 70
     1
102
RTVSPost2010Prop42
 90
       50
102
RTVSPost2010PropOp42
 70
     1
102
RTVSPost2010Prop43
 90
        3
102
RTVSPost2010PropOp43
 70
     1
102
RTVSPost2010Prop44ColorIndex
 90
        5
102
RTVSPost2010Prop44ColorRGB
 90
      255
102
RTVSPost2010PropOp44
 70
     1
102
RTVSPost2010Prop45
280
     0
102
RTVSPost2010PropOp45
 70
     1
102
RTVSPost2010Prop46
 90
       50
102
RTVSPost2010PropOp46
 70
     1
102
RTVSPost2010Prop47
 90
       50
102
RTVSPost2010PropOp47
 70
     1
102
RTVSPost2010Prop48
 90
       50
102
RTVSPost2010PropOp48
 70
     1
102
RTVSPost2010Prop49
280
     0
102
RTVSPost2010PropOp49
 70
     1
102
RTVSPost2010Prop50
 90
       50
102
RTVSPost2010PropOp50
 70
     1
102
RTVSPost2010Prop51ColorIndex
 90
      256
102
RTVSPost2010Prop51ColorRGB
 90
-16777216
102
RTVSPost2010PropOp51
 70
     0
102
RTVSPost2010Prop52
140
1.0
102
RTVSPost2010PropOp52
 70
     0
102
RTVSPost2010Prop53
 90
        2
102
RTVSPost2010PropOp53
 70
     1
102
RTVSPost2010Prop54
  1
strokes_ogs.tif
102
RTVSPost2010PropOp54
 70
     1
102
RTVSPost2010Prop55
280
     0
102
RTVSPost2010PropOp55
 70
     1
102
RTVSPost2010Prop56
140
1.0
102
RTVSPost2010PropOp56
 70
     1
102
RTVSPost2010Prop57
140
1.0
102
RTVSPost2010PropOp57
 70
     1
  0
XRECORD
  5
297
102
{ACAD_REACTORS
330
296
102
}
330
296
100
AcDbXrecord
280
     1
102
RTVSPropertyOp0
 70
     1
102
RTVSPropertyOp1
 70
     1
102
RTVSPropertyOp2
 70
     1
102
RTVSPropertyOp3
 70
     1
102
RTVSPropertyOp4
 70
     1
102
RTVSPropertyOp5
 70
     1
102
RTVSPropertyOp6
 70
     1
102
RTVSPropertyOp7
 70
     1
102
RTVSPropertyOp8
 70
     1
102
RTVSPropertyOp9
 70
     1
102
RTVSPropertyOp10
 70
     1
102
RTVSPropertyOp11
 70
     1
102
RTVSPropertyOp12
 70
     1
102
RTVSPropertyOp13
 70
     1
102
RTVSPropertyOp14
 70
     1
102
RTVSPropertyOp15
 70
     1
102
RTVSPropertyOp16
 70
     1
102
RTVSPropertyOp17
 70
     1
102
RTVSPropertyOp18
 70
     1
102
RTVSPropertyOp19
 70
     1
102
RTVSPropertyOp20
 70
     1
102
RTVSPropertyOp21
 70
     1
102
RTVSPropertyOp22
 70
     1
102
RTVSPropertyOp23
 70
     1
102
RTVSPropertyOp24
 70
     1
102
RTVSPropertyOp25
 70
     1
102
RTVSPropertyOp26
 70
     1
102
RTVSPropertyOp27
 70
     1
102
RTVSPropertyOp28
 70
     1
102
RTVSPropertyOp29
 70
     1
102
RTVSPropertyOp30
 70
     1
102
RTVSPropertyOp31
 70
     1
102
RTVSPropertyOp32
 70
     1
102
RTVSPropertyOp33
 70
     1
102
RTVSPropertyOp34
 70
     1
102
RTVSPropertyOp35
 70
     1
102
RTVSPropertyOp36
 70
     1
102
RTVSPropertyOp37
 70
     1
102
RTVSPropertyOp38
 70
     1
102
RTVSPropertyOp39
 70
     1
102
RTVSPropertyOp40
 70
     1
102
RTVSPropertyOp41
 70
     1
102
RTVSPropertyOp42
 70
     1
102
RTVSPropertyOp43
 70
     1
102
RTVSPropertyOp44
 70
     1
102
RTVSPropertyOp45
 70
     1
102
RTVSPropertyOp46
 70
     1
102
RTVSPropertyOp47
 70
     1
102
RTVSPropertyOp48
 70
     1
102
RTVSPropertyOp49
 70
     1
102
RTVSPropertyOp50
 70
     1
102
RTVSPropertyOp51
 70
     0
102
RTVSPropertyOp52
 70
     0
102
RTVSPropertyOp53
 70
     1
102
RTVSPropertyOp54
 70
     1
102
RTVSPropertyOp55
 70
     1
102
RTVSPropertyOp56
 70
     1
102
RTVSPropertyOp57
 70
     1
102
RTVSPost2010Prop28
280
     0
102
RTVSPost2010PropOp28
 70
     1
102
RTVSPost2010Prop29
280
     1
102
RTVSPost2010PropOp29
 70
     1
102
RTVSPost2010Prop30
280
     1
102
RTVSPost2010PropOp30
 70
     1
102
RTVSPost2010Prop31
280
     0
102
RTVSPost2010PropOp31
 70
     1
102
RTVSPost2010Prop32
280
     0
102
RTVSPost2010PropOp32
 70
     1
102
RTVSPost2010Prop33
280
     0
102
RTVSPost2010PropOp33
 70
     1
102
RTVSPost2010Prop34
280
     0
102
RTVSPost2010PropOp34
 70
     1
102
RTVSPost2010Prop35
280
     0
102
RTVSPost2010PropOp35
 70
     1
102
RTVSPost2010Prop36
280
     0
102
RTVSPost2010PropOp36
 70
     1
102
RTVSPost2010Prop37
 90
       50
102
RTVSPost2010PropOp37
 70
     1
102
RTVSPost2010Prop38
140
0.0
102
RTVSPost2010PropOp38
 70
     1
102
RTVSPost2010Prop39
140
1.0
102
RTVSPost2010PropOp39
 70
     1
102
RTVSPost2010Prop40
 90
        0
102
RTVSPost2010PropOp40
 70
     1
102
RTVSPost2010Prop41ColorIndex
 90
       18
102
RTVSPost2010Prop41ColorRGB
 90
        0
102
RTVSPost2010PropOp41
 70
     1
102
RTVSPost2010Prop42
 90
       50
102
RTVSPost2010PropOp42
 70
     1
102
RTVSPost2010Prop43
 90
        3
102
RTVSPost2010PropOp43
 70
     1
102
RTVSPost2010Prop44ColorIndex
 90
        5
102
RTVSPost2010Prop44ColorRGB
 90
      255
102
RTVSPost2010PropOp44
 70
     1
102
RTVSPost2010Prop45
280
     0
102
RTVSPost2010PropOp45
 70
     1
102
RTVSPost2010Prop46
 90
       50
102
RTVSPost2010PropOp46
 70
     1
102
RTVSPost2010Prop47
 90
       50
102
RTVSPost2010PropOp47
 70
     1
102
RTVSPost2010Prop48
 90
       50
102
RTVSPost2010PropOp48
 70
     1
102
RTVSPost2010Prop49
280
     0
102
RTVSPost2010PropOp49
 70
     1
102
RTVSPost2010Prop50
 90
       50
102
RTVSPost2010PropOp50
 70
     1
102
RTVSPost2010Prop51ColorIndex
 90
      256
102
RTVSPost2010Prop51ColorRGB
 90
-16777216
102
RTVSPost2010PropOp51
 70
     0
102
RTVSPost2010Prop52
140
1.0
102
RTVSPost2010PropOp52
 70
     0
102
RTVSPost2010Prop53
 90
        2
102
RTVSPost2010PropOp53
 70
     1
102
RTVSPost2010Prop54
  1
strokes_ogs.tif
102
RTVSPost2010PropOp54
 70
     1
102
RTVSPost2010Prop55
280
     0
102
RTVSPost2010PropOp55
 70
     1
102
RTVSPost2010Prop56
140
1.0
102
RTVSPost2010PropOp56
 70
     1
102
RTVSPost2010Prop57
140
1.0
102
RTVSPost2010PropOp57
 70
     1
  0
XRECORD
  5
299
102
{ACAD_REACTORS
330
298
102
}
330
298
100
AcDbXrecord
280
     1
102
RTVSPropertyOp0
 70
     1
102
RTVSPropertyOp1
 70
     1
102
RTVSPropertyOp2
 70
     1
102
RTVSPropertyOp3
 70
     1
102
RTVSPropertyOp4
 70
     1
102
RTVSPropertyOp5
 70
     1
102
RTVSPropertyOp6
 70
     1
102
RTVSPropertyOp7
 70
     1
102
RTVSPropertyOp8
 70
     1
102
RTVSPropertyOp9
 70
     1
102
RTVSPropertyOp10
 70
     1
102
RTVSPropertyOp11
 70
     1
102
RTVSPropertyOp12
 70
     1
102
RTVSPropertyOp13
 70
     1
102
RTVSPropertyOp14
 70
     1
102
RTVSPropertyOp15
 70
     1
102
RTVSPropertyOp16
 70
     1
102
RTVSPropertyOp17
 70
     1
102
RTVSPropertyOp18
 70
     1
102
RTVSPropertyOp19
 70
     1
102
RTVSPropertyOp20
 70
     1
102
RTVSPropertyOp21
 70
     1
102
RTVSPropertyOp22
 70
     1
102
RTVSPropertyOp23
 70
     1
102
RTVSPropertyOp24
 70
     1
102
RTVSPropertyOp25
 70
     1
102
RTVSPropertyOp26
 70
     1
102
RTVSPropertyOp27
 70
     1
102
RTVSPropertyOp28
 70
     1
102
RTVSPropertyOp29
 70
     1
102
RTVSPropertyOp30
 70
     1
102
RTVSPropertyOp31
 70
     1
102
RTVSPropertyOp32
 70
     1
102
RTVSPropertyOp33
 70
     1
102
RTVSPropertyOp34
 70
     1
102
RTVSPropertyOp35
 70
     1
102
RTVSPropertyOp36
 70
     1
102
RTVSPropertyOp37
 70
     1
102
RTVSPropertyOp38
 70
     1
102
RTVSPropertyOp39
 70
     1
102
RTVSPropertyOp40
 70
     1
102
RTVSPropertyOp41
 70
     1
102
RTVSPropertyOp42
 70
     1
102
RTVSPropertyOp43
 70
     1
102
RTVSPropertyOp44
 70
     1
102
RTVSPropertyOp45
 70
     1
102
RTVSPropertyOp46
 70
     1
102
RTVSPropertyOp47
 70
     1
102
RTVSPropertyOp48
 70
     1
102
RTVSPropertyOp49
 70
     1
102
RTVSPropertyOp50
 70
     1
102
RTVSPropertyOp51
 70
     0
102
RTVSPropertyOp52
 70
     0
102
RTVSPropertyOp53
 70
     1
102
RTVSPropertyOp54
 70
     1
102
RTVSPropertyOp55
 70
     1
102
RTVSPropertyOp56
 70
     1
102
RTVSPropertyOp57
 70
     1
102
RTVSPost2010Prop28
280
     0
102
RTVSPost2010PropOp28
 70
     1
102
RTVSPost2010Prop29
280
     1
102
RTVSPost2010PropOp29
 70
     1
102
RTVSPost2010Prop30
280
     1
102
RTVSPost2010PropOp30
 70
     1
102
RTVSPost2010Prop31
280
     0
102
RTVSPost2010PropOp31
 70
     1
102
RTVSPost2010Prop32
280
     0
102
RTVSPost2010PropOp32
 70
     1
102
RTVSPost2010Prop33
280
     0
102
RTVSPost2010PropOp33
 70
     1
102
RTVSPost2010Prop34
280
     0
102
RTVSPost2010PropOp34
 70
     1
102
RTVSPost2010Prop35
280
     0
102
RTVSPost2010PropOp35
 70
     1
102
RTVSPost2010Prop36
280
     0
102
RTVSPost2010PropOp36
 70
     1
102
RTVSPost2010Prop37
 90
       50
102
RTVSPost2010PropOp37
 70
     1
102
RTVSPost2010Prop38
140
0.0
102
RTVSPost2010PropOp38
 70
     1
102
RTVSPost2010Prop39
140
1.0
102
RTVSPost2010PropOp39
 70
     1
102
RTVSPost2010Prop40
 90
        0
102
RTVSPost2010PropOp40
 70
     1
102
RTVSPost2010Prop41ColorIndex
 90
       18
102
RTVSPost2010Prop41ColorRGB
 90
        0
102
RTVSPost2010PropOp41
 70
     1
102
RTVSPost2010Prop42
 90
       50
102
RTVSPost2010PropOp42
 70
     1
102
RTVSPost2010Prop43
 90
        3
102
RTVSPost2010PropOp43
 70
     1
102
RTVSPost2010Prop44ColorIndex
 90
        5
102
RTVSPost2010Prop44ColorRGB
 90
      255
102
RTVSPost2010PropOp44
 70
     1
102
RTVSPost2010Prop45
280
     0
102
RTVSPost2010PropOp45
 70
     1
102
RTVSPost2010Prop46
 90
       50
102
RTVSPost2010PropOp46
 70
     1
102
RTVSPost2010Prop47
 90
       50
102
RTVSPost2010PropOp47
 70
     1
102
RTVSPost2010Prop48
 90
       50
102
RTVSPost2010PropOp48
 70
     1
102
RTVSPost2010Prop49
280
     0
102
RTVSPost2010PropOp49
 70
     1
102
RTVSPost2010Prop50
 90
       50
102
RTVSPost2010PropOp50
 70
     1
102
RTVSPost2010Prop51ColorIndex
 90
      256
102
RTVSPost2010Prop51ColorRGB
 90
-16777216
102
RTVSPost2010PropOp51
 70
     0
102
RTVSPost2010Prop52
140
1.0
102
RTVSPost2010PropOp52
 70
     0
102
RTVSPost2010Prop53
 90
        2
102
RTVSPost2010PropOp53
 70
     1
102
RTVSPost2010Prop54
  1
strokes_ogs.tif
102
RTVSPost2010PropOp54
 70
     1
102
RTVSPost2010Prop55
280
     0
102
RTVSPost2010PropOp55
 70
     1
102
RTVSPost2010Prop56
140
1.0
102
RTVSPost2010PropOp56
 70
     1
102
RTVSPost2010Prop57
140
1.0
102
RTVSPost2010PropOp57
 70
     1
  0
XRECORD
  5
289
102
{ACAD_REACTORS
330
288
102
}
330
288
100
AcDbXrecord
280
     1
102
RTVSPropertyOp0
 70
     1
102
RTVSPropertyOp1
 70
     1
102
RTVSPropertyOp2
 70
     1
102
RTVSPropertyOp3
 70
     1
102
RTVSPropertyOp4
 70
     1
102
RTVSPropertyOp5
 70
     1
102
RTVSPropertyOp6
 70
     1
102
RTVSPropertyOp7
 70
     1
102
RTVSPropertyOp8
 70
     1
102
RTVSPropertyOp9
 70
     1
102
RTVSPropertyOp10
 70
     1
102
RTVSPropertyOp11
 70
     1
102
RTVSPropertyOp12
 70
     1
102
RTVSPropertyOp13
 70
     1
102
RTVSPropertyOp14
 70
     1
102
RTVSPropertyOp15
 70
     1
102
RTVSPropertyOp16
 70
     1
102
RTVSPropertyOp17
 70
     1
102
RTVSPropertyOp18
 70
     1
102
RTVSPropertyOp19
 70
     1
102
RTVSPropertyOp20
 70
     1
102
RTVSPropertyOp21
 70
     1
102
RTVSPropertyOp22
 70
     1
102
RTVSPropertyOp23
 70
     1
102
RTVSPropertyOp24
 70
     1
102
RTVSPropertyOp25
 70
     1
102
RTVSPropertyOp26
 70
     1
102
RTVSPropertyOp27
 70
     1
102
RTVSPropertyOp28
 70
     1
102
RTVSPropertyOp29
 70
     1
102
RTVSPropertyOp30
 70
     1
102
RTVSPropertyOp31
 70
     1
102
RTVSPropertyOp32
 70
     1
102
RTVSPropertyOp33
 70
     1
102
RTVSPropertyOp34
 70
     1
102
RTVSPropertyOp35
 70
     1
102
RTVSPropertyOp36
 70
     1
102
RTVSPropertyOp37
 70
     1
102
RTVSPropertyOp38
 70
     1
102
RTVSPropertyOp39
 70
     1
102
RTVSPropertyOp40
 70
     1
102
RTVSPropertyOp41
 70
     1
102
RTVSPropertyOp42
 70
     1
102
RTVSPropertyOp43
 70
     1
102
RTVSPropertyOp44
 70
     1
102
RTVSPropertyOp45
 70
     1
102
RTVSPropertyOp46
 70
     1
102
RTVSPropertyOp47
 70
     1
102
RTVSPropertyOp48
 70
     1
102
RTVSPropertyOp49
 70
     1
102
RTVSPropertyOp50
 70
     1
102
RTVSPropertyOp51
 70
     0
102
RTVSPropertyOp52
 70
     0
102
RTVSPropertyOp53
 70
     1
102
RTVSPropertyOp54
 70
     1
102
RTVSPropertyOp55
 70
     1
102
RTVSPropertyOp56
 70
     1
102
RTVSPropertyOp57
 70
     1
102
RTVSPost2010Prop28
280
     0
102
RTVSPost2010PropOp28
 70
     1
102
RTVSPost2010Prop29
280
     1
102
RTVSPost2010PropOp29
 70
     1
102
RTVSPost2010Prop30
280
     1
102
RTVSPost2010PropOp30
 70
     1
102
RTVSPost2010Prop31
280
     0
102
RTVSPost2010PropOp31
 70
     1
102
RTVSPost2010Prop32
280
     0
102
RTVSPost2010PropOp32
 70
     1
102
RTVSPost2010Prop33
280
     0
102
RTVSPost2010PropOp33
 70
     1
102
RTVSPost2010Prop34
280
     0
102
RTVSPost2010PropOp34
 70
     1
102
RTVSPost2010Prop35
280
     0
102
RTVSPost2010PropOp35
 70
     1
102
RTVSPost2010Prop36
280
     0
102
RTVSPost2010PropOp36
 70
     1
102
RTVSPost2010Prop37
 90
       50
102
RTVSPost2010PropOp37
 70
     1
102
RTVSPost2010Prop38
140
0.0
102
RTVSPost2010PropOp38
 70
     1
102
RTVSPost2010Prop39
140
1.0
102
RTVSPost2010PropOp39
 70
     1
102
RTVSPost2010Prop40
 90
        0
102
RTVSPost2010PropOp40
 70
     1
102
RTVSPost2010Prop41ColorIndex
 90
       18
102
RTVSPost2010Prop41ColorRGB
 90
        0
102
RTVSPost2010PropOp41
 70
     1
102
RTVSPost2010Prop42
 90
       50
102
RTVSPost2010PropOp42
 70
     1
102
RTVSPost2010Prop43
 90
        3
102
RTVSPost2010PropOp43
 70
     1
102
RTVSPost2010Prop44ColorIndex
 90
        5
102
RTVSPost2010Prop44ColorRGB
 90
      255
102
RTVSPost2010PropOp44
 70
     1
102
RTVSPost2010Prop45
280
     0
102
RTVSPost2010PropOp45
 70
     1
102
RTVSPost2010Prop46
 90
       50
102
RTVSPost2010PropOp46
 70
     1
102
RTVSPost2010Prop47
 90
       50
102
RTVSPost2010PropOp47
 70
     1
102
RTVSPost2010Prop48
 90
       50
102
RTVSPost2010PropOp48
 70
     1
102
RTVSPost2010Prop49
280
     0
102
RTVSPost2010PropOp49
 70
     1
102
RTVSPost2010Prop50
 90
       50
102
RTVSPost2010PropOp50
 70
     1
102
RTVSPost2010Prop51ColorIndex
 90
      256
102
RTVSPost2010Prop51ColorRGB
 90
-16777216
102
RTVSPost2010PropOp51
 70
     0
102
RTVSPost2010Prop52
140
1.0
102
RTVSPost2010PropOp52
 70
     0
102
RTVSPost2010Prop53
 90
        2
102
RTVSPost2010PropOp53
 70
     1
102
RTVSPost2010Prop54
  1
strokes_ogs.tif
102
RTVSPost2010PropOp54
 70
     1
102
RTVSPost2010Prop55
280
     0
102
RTVSPost2010PropOp55
 70
     1
102
RTVSPost2010Prop56
140
1.0
102
RTVSPost2010PropOp56
 70
     1
102
RTVSPost2010Prop57
140
1.0
102
RTVSPost2010PropOp57
 70
     1
  0
XRECORD
  5
27B
102
{ACAD_REACTORS
330
27A
102
}
330
27A
100
AcDbXrecord
280
     1
102
RTVSPropertyOp0
 70
     1
102
RTVSPropertyOp1
 70
     1
102
RTVSPropertyOp2
 70
     1
102
RTVSPropertyOp3
 70
     1
102
RTVSPropertyOp4
 70
     1
102
RTVSPropertyOp5
 70
     1
102
RTVSPropertyOp6
 70
     1
102
RTVSPropertyOp7
 70
     1
102
RTVSPropertyOp8
 70
     1
102
RTVSPropertyOp9
 70
     1
102
RTVSPropertyOp10
 70
     1
102
RTVSPropertyOp11
 70
     1
102
RTVSPropertyOp12
 70
     1
102
RTVSPropertyOp13
 70
     1
102
RTVSPropertyOp14
 70
     1
102
RTVSPropertyOp15
 70
     1
102
RTVSPropertyOp16
 70
     1
102
RTVSPropertyOp17
 70
     1
102
RTVSPropertyOp18
 70
     1
102
RTVSPropertyOp19
 70
     1
102
RTVSPropertyOp20
 70
     1
102
RTVSPropertyOp21
 70
     1
102
RTVSPropertyOp22
 70
     1
102
RTVSPropertyOp23
 70
     1
102
RTVSPropertyOp24
 70
     1
102
RTVSPropertyOp25
 70
     1
102
RTVSPropertyOp26
 70
     1
102
RTVSPropertyOp27
 70
     1
102
RTVSPropertyOp28
 70
     1
102
RTVSPropertyOp29
 70
     1
102
RTVSPropertyOp30
 70
     1
102
RTVSPropertyOp31
 70
     1
102
RTVSPropertyOp32
 70
     1
102
RTVSPropertyOp33
 70
     1
102
RTVSPropertyOp34
 70
     1
102
RTVSPropertyOp35
 70
     1
102
RTVSPropertyOp36
 70
     1
102
RTVSPropertyOp37
 70
     1
102
RTVSPropertyOp38
 70
     1
102
RTVSPropertyOp39
 70
     1
102
RTVSPropertyOp40
 70
     1
102
RTVSPropertyOp41
 70
     1
102
RTVSPropertyOp42
 70
     1
102
RTVSPropertyOp43
 70
     1
102
RTVSPropertyOp44
 70
     1
102
RTVSPropertyOp45
 70
     1
102
RTVSPropertyOp46
 70
     1
102
RTVSPropertyOp47
 70
     1
102
RTVSPropertyOp48
 70
     1
102
RTVSPropertyOp49
 70
     1
102
RTVSPropertyOp50
 70
     1
102
RTVSPropertyOp51
 70
     0
102
RTVSPropertyOp52
 70
     0
102
RTVSPropertyOp53
 70
     1
102
RTVSPropertyOp54
 70
     1
102
RTVSPropertyOp55
 70
     1
102
RTVSPropertyOp56
 70
     1
102
RTVSPropertyOp57
 70
     1
102
RTVSPost2010Prop28
280
     0
102
RTVSPost2010PropOp28
 70
     1
102
RTVSPost2010Prop29
280
     1
102
RTVSPost2010PropOp29
 70
     1
102
RTVSPost2010Prop30
280
     1
102
RTVSPost2010PropOp30
 70
     1
102
RTVSPost2010Prop31
280
     0
102
RTVSPost2010PropOp31
 70
     1
102
RTVSPost2010Prop32
280
     0
102
RTVSPost2010PropOp32
 70
     1
102
RTVSPost2010Prop33
280
     0
102
RTVSPost2010PropOp33
 70
     1
102
RTVSPost2010Prop34
280
     0
102
RTVSPost2010PropOp34
 70
     1
102
RTVSPost2010Prop35
280
     0
102
RTVSPost2010PropOp35
 70
     1
102
RTVSPost2010Prop36
280
     0
102
RTVSPost2010PropOp36
 70
     1
102
RTVSPost2010Prop37
 90
       50
102
RTVSPost2010PropOp37
 70
     1
102
RTVSPost2010Prop38
140
0.0
102
RTVSPost2010PropOp38
 70
     1
102
RTVSPost2010Prop39
140
1.0
102
RTVSPost2010PropOp39
 70
     1
102
RTVSPost2010Prop40
 90
        0
102
RTVSPost2010PropOp40
 70
     1
102
RTVSPost2010Prop41ColorIndex
 90
       18
102
RTVSPost2010Prop41ColorRGB
 90
        0
102
RTVSPost2010PropOp41
 70
     1
102
RTVSPost2010Prop42
 90
       50
102
RTVSPost2010PropOp42
 70
     1
102
RTVSPost2010Prop43
 90
        3
102
RTVSPost2010PropOp43
 70
     1
102
RTVSPost2010Prop44ColorIndex
 90
        5
102
RTVSPost2010Prop44ColorRGB
 90
      255
102
RTVSPost2010PropOp44
 70
     1
102
RTVSPost2010Prop45
280
     0
102
RTVSPost2010PropOp45
 70
     1
102
RTVSPost2010Prop46
 90
       50
102
RTVSPost2010PropOp46
 70
     1
102
RTVSPost2010Prop47
 90
       50
102
RTVSPost2010PropOp47
 70
     1
102
RTVSPost2010Prop48
 90
       50
102
RTVSPost2010PropOp48
 70
     1
102
RTVSPost2010Prop49
280
     0
102
RTVSPost2010PropOp49
 70
     1
102
RTVSPost2010Prop50
 90
       50
102
RTVSPost2010PropOp50
 70
     1
102
RTVSPost2010Prop51ColorIndex
 90
      256
102
RTVSPost2010Prop51ColorRGB
 90
-16777216
102
RTVSPost2010PropOp51
 70
     0
102
RTVSPost2010Prop52
140
1.0
102
RTVSPost2010PropOp52
 70
     0
102
RTVSPost2010Prop53
 90
        2
102
RTVSPost2010PropOp53
 70
     1
102
RTVSPost2010Prop54
  1
strokes_ogs.tif
102
RTVSPost2010PropOp54
 70
     1
102
RTVSPost2010Prop55
280
     0
102
RTVSPost2010PropOp55
 70
     1
102
RTVSPost2010Prop56
140
1.0
102
RTVSPost2010PropOp56
 70
     1
102
RTVSPost2010Prop57
140
1.0
102
RTVSPost2010PropOp57
 70
     1
  0
XRECORD
  5
29B
102
{ACAD_REACTORS
330
29A
102
}
330
29A
100
AcDbXrecord
280
     1
102
RTVSPropertyOp0
 70
     1
102
RTVSPropertyOp1
 70
     1
102
RTVSPropertyOp2
 70
     1
102
RTVSPropertyOp3
 70
     1
102
RTVSPropertyOp4
 70
     1
102
RTVSPropertyOp5
 70
     1
102
RTVSPropertyOp6
 70
     1
102
RTVSPropertyOp7
 70
     1
102
RTVSPropertyOp8
 70
     1
102
RTVSPropertyOp9
 70
     1
102
RTVSPropertyOp10
 70
     1
102
RTVSPropertyOp11
 70
     1
102
RTVSPropertyOp12
 70
     1
102
RTVSPropertyOp13
 70
     1
102
RTVSPropertyOp14
 70
     1
102
RTVSPropertyOp15
 70
     1
102
RTVSPropertyOp16
 70
     1
102
RTVSPropertyOp17
 70
     1
102
RTVSPropertyOp18
 70
     1
102
RTVSPropertyOp19
 70
     1
102
RTVSPropertyOp20
 70
     1
102
RTVSPropertyOp21
 70
     1
102
RTVSPropertyOp22
 70
     1
102
RTVSPropertyOp23
 70
     1
102
RTVSPropertyOp24
 70
     1
102
RTVSPropertyOp25
 70
     1
102
RTVSPropertyOp26
 70
     1
102
RTVSPropertyOp27
 70
     1
102
RTVSPropertyOp28
 70
     1
102
RTVSPropertyOp29
 70
     1
102
RTVSPropertyOp30
 70
     1
102
RTVSPropertyOp31
 70
     1
102
RTVSPropertyOp32
 70
     1
102
RTVSPropertyOp33
 70
     1
102
RTVSPropertyOp34
 70
     1
102
RTVSPropertyOp35
 70
     1
102
RTVSPropertyOp36
 70
     1
102
RTVSPropertyOp37
 70
     1
102
RTVSPropertyOp38
 70
     1
102
RTVSPropertyOp39
 70
     1
102
RTVSPropertyOp40
 70
     1
102
RTVSPropertyOp41
 70
     1
102
RTVSPropertyOp42
 70
     1
102
RTVSPropertyOp43
 70
     1
102
RTVSPropertyOp44
 70
     1
102
RTVSPropertyOp45
 70
     1
102
RTVSPropertyOp46
 70
     1
102
RTVSPropertyOp47
 70
     1
102
RTVSPropertyOp48
 70
     1
102
RTVSPropertyOp49
 70
     1
102
RTVSPropertyOp50
 70
     1
102
RTVSPropertyOp51
 70
     0
102
RTVSPropertyOp52
 70
     0
102
RTVSPropertyOp53
 70
     1
102
RTVSPropertyOp54
 70
     1
102
RTVSPropertyOp55
 70
     1
102
RTVSPropertyOp56
 70
     1
102
RTVSPropertyOp57
 70
     1
102
RTVSPost2010Prop28
280
     0
102
RTVSPost2010PropOp28
 70
     1
102
RTVSPost2010Prop29
280
     1
102
RTVSPost2010PropOp29
 70
     1
102
RTVSPost2010Prop30
280
     1
102
RTVSPost2010PropOp30
 70
     1
102
RTVSPost2010Prop31
280
     0
102
RTVSPost2010PropOp31
 70
     1
102
RTVSPost2010Prop32
280
     0
102
RTVSPost2010PropOp32
 70
     1
102
RTVSPost2010Prop33
280
     0
102
RTVSPost2010PropOp33
 70
     1
102
RTVSPost2010Prop34
280
     0
102
RTVSPost2010PropOp34
 70
     1
102
RTVSPost2010Prop35
280
     0
102
RTVSPost2010PropOp35
 70
     1
102
RTVSPost2010Prop36
280
     0
102
RTVSPost2010PropOp36
 70
     1
102
RTVSPost2010Prop37
 90
       50
102
RTVSPost2010PropOp37
 70
     1
102
RTVSPost2010Prop38
140
0.0
102
RTVSPost2010PropOp38
 70
     1
102
RTVSPost2010Prop39
140
1.0
102
RTVSPost2010PropOp39
 70
     1
102
RTVSPost2010Prop40
 90
        0
102
RTVSPost2010PropOp40
 70
     1
102
RTVSPost2010Prop41ColorIndex
 90
       18
102
RTVSPost2010Prop41ColorRGB
 90
        0
102
RTVSPost2010PropOp41
 70
     1
102
RTVSPost2010Prop42
 90
       50
102
RTVSPost2010PropOp42
 70
     1
102
RTVSPost2010Prop43
 90
        3
102
RTVSPost2010PropOp43
 70
     1
102
RTVSPost2010Prop44ColorIndex
 90
        5
102
RTVSPost2010Prop44ColorRGB
 90
      255
102
RTVSPost2010PropOp44
 70
     1
102
RTVSPost2010Prop45
280
     0
102
RTVSPost2010PropOp45
 70
     1
102
RTVSPost2010Prop46
 90
       50
102
RTVSPost2010PropOp46
 70
     1
102
RTVSPost2010Prop47
 90
       50
102
RTVSPost2010PropOp47
 70
     1
102
RTVSPost2010Prop48
 90
       50
102
RTVSPost2010PropOp48
 70
     1
102
RTVSPost2010Prop49
280
     0
102
RTVSPost2010PropOp49
 70
     1
102
RTVSPost2010Prop50
 90
       50
102
RTVSPost2010PropOp50
 70
     1
102
RTVSPost2010Prop51ColorIndex
 90
      256
102
RTVSPost2010Prop51ColorRGB
 90
-16777216
102
RTVSPost2010PropOp51
 70
     0
102
RTVSPost2010Prop52
140
1.0
102
RTVSPost2010PropOp52
 70
     0
102
RTVSPost2010Prop53
 90
        2
102
RTVSPost2010PropOp53
 70
     1
102
RTVSPost2010Prop54
  1
strokes_ogs.tif
102
RTVSPost2010PropOp54
 70
     1
102
RTVSPost2010Prop55
280
     0
102
RTVSPost2010PropOp55
 70
     1
102
RTVSPost2010Prop56
140
1.0
102
RTVSPost2010PropOp56
 70
     1
102
RTVSPost2010Prop57
140
1.0
102
RTVSPost2010PropOp57
 70
     1
  0
ENDSEC
  0
EOF
